Article ID	Pub. Year	Authors	Affiliations	Authors with Affiliations	Title	Recommendation 1	Recommendation 2	Recommendation 3	Recommendation 4	Recommendation 5	Recommendation 6	Recommendation 7	Recommendation 8	Recommendation 9	Recommendation 10	url
000001	2007	Johanna Drucker	University of Virginia	Johanna Drucker, University of Virginia	Philosophy and Digital Humanities: A review of Willard McCarty, Humanities Computing (London and NY: Palgrave, 2005)	000193	000465	000457	000541	000556	000689	000172	000109	000488	000135	https://dhq.digitalhumanities.org/vol/1/1/000001/000001.html
000002	2007	Jeff Howard	University of Texas, Austin	Jeff Howard, University of Texas, Austin	Interpretative Quests in Theory and Pedagogy	000165	000532	000193	000048	000047	000331	000146	000085	000320	000360	https://dhq.digitalhumanities.org/vol/1/1/000002/000002.html
000003	2007	Drew VandeCreek	Northern Illinois University Libraries	Drew VandeCreek, Northern Illinois University Libraries	"Webs of Significance": The Abraham Lincoln Historical Digitization Project, New Technology, and the Democratization of History	000108	000029	000299	000179	000240	000031	000761	000652	000321	000524	https://dhq.digitalhumanities.org/vol/1/1/000003/000003.html
000004	2007	Linda E. Patrik	Department of Philosophy, Union College	Linda E. Patrik, Department of Philosophy, Union College	Encoding for Endangered Tibetan Texts	000294	000631	000108	000456	000430	000398	000288	000035	000138	000170	https://dhq.digitalhumanities.org/vol/1/1/000004/000004.html
000005	2007	Mark Wolff	Hartwick College	Mark Wolff, Hartwick College	Reading Potential: The Oulipo and the Meaning of Algorithms	000140	000193	000093	000108	000332	000170	000291	000099	000188	000207	https://dhq.digitalhumanities.org/vol/1/1/000005/000005.html
000006	2007	Joseph Raben	Queens College, City University of New York	Joseph Raben, Queens College, City University of New York	Tenure, Promotion and Digital Publication	000077	000114	000007	000081	000554	000079	000008	000471	000645	000334	https://dhq.digitalhumanities.org/vol/1/1/000006/000006.html
000007	2007	Julia Flanders | Wendell Piez | Melissa Terras	Brown University | Mulberry Technologies, Inc. | University College London	Julia Flanders, Brown University; Wendell Piez, Mulberry Technologies, Inc.; Melissa Terras, University College London	Welcome to Digital Humanities Quarterly	000088	000052	000013	000099	000020	000017	000029	000015	000196	000202	https://dhq.digitalhumanities.org/vol/1/1/000007/000007.html
000008	2007	Joseph Raben	Queens College, City University of New York	Joseph Raben, Queens College, City University of New York	Introducing Issues in Humanities Computing	000007	000645	000006	000077	000132	000741	000020	000039	000662	000099	https://dhq.digitalhumanities.org/vol/1/1/000008/000008.html
000009	2007	Dennis G. Jerz	Seton Hill University	Dennis G. Jerz, Seton Hill University	Somewhere Nearby is Colossal Cave: Examining Will Crowther's Original "Adventure" in Code and in Kentucky	000696	000283	000128	000614	000116	000679	000300	000273	000003	000360	https://dhq.digitalhumanities.org/vol/1/2/000009/000009.html
000010	2007	Eric Eve	Harris Manchester College, University of Oxford	Eric Eve, Harris Manchester College, University of Oxford	All Hope Abandon: Biblical Text and Interactive Fiction	000004	000340	000486	000429	000052	000066	000009	000588	000456	000315	https://dhq.digitalhumanities.org/vol/1/2/000010/000010.html
000011	2007	Steve F. Anderson	University of Southern California	Steve F. Anderson, University of Southern California	Aporias of the Digital Avant-Garde	000361	000120	000409	000161	000379	000193	000541	000356	000389	000139	https://dhq.digitalhumanities.org/vol/1/2/000011/000011.html
000012	2007	David Hoover	New York University	David Hoover, New York University	The End of the Irrelevant Text: Electronic Texts, Linguistics, and Literary Theory	000183	000286	000237	000203	000263	000097	000694	000323	000683	000181	https://dhq.digitalhumanities.org/vol/1/2/000012/000012.html
000013	2007	Melissa Terras	University College London	Melissa Terras, University College London	DHQ in the Public Eye	000029	000047	000375	000088	000077	000608	000007	000320	000080	000184	https://dhq.digitalhumanities.org/vol/1/2/000013/000013.html
000014	2007	Ernesto Priani Saisó	Universidad Nacional Autónoma de México	Ernesto Priani Saisó, Universidad Nacional Autónoma de México	Revista Digital Universitaria: A Workshop of Digital Editing at the Universidad Nacional Autónoma de México	000029	000460	000170	000820	000047	000035	000020	000046	000034	000107	https://dhq.digitalhumanities.org/vol/1/2/000014/000014.html
000015	2008	Belinda Barnet	Swinburne University of Technology, Melbourne	Belinda Barnet, Swinburne University of Technology, Melbourne	The Technical Evolution of Vannevar Bush’s Memex	000193	000196	000146	000202	000019	000541	000020	000170	000172	000369	https://dhq.digitalhumanities.org/vol/2/1/000015/000015.html
000016	2008	Richard Cunningham | David Duke | John Eustace | Anna Galway | Erin Patterson	Acadia University | Acadia University | Acadia University |  | Acadia University	Richard Cunningham, Acadia University; David Duke, Acadia University; John Eustace, Acadia University; Anna Galway; Erin Patterson, Acadia University	The Humanities HyperMedia Centre @ Acadia University: An Invitation to Think About Higher Education	000319	000330	000320	000478	000312	000302	000306	000193	000358	000591	https://dhq.digitalhumanities.org/vol/2/1/000016/000016.html
000017	2008	Mark C. Marino	University of Southern California	Mark C. Marino, University of Southern California	Review: The Electronic Literature Collection Volume I: A New Media Primer	000046	000162	000207	000018	000051	000657	000150	000139	000013	000115	https://dhq.digitalhumanities.org/vol/2/1/000017/000017.html
000018	2008	Patricia Tomaszek	Siegen University	Patricia Tomaszek, Siegen University	Conference Review: Reading Digital Literature at Brown University, October 4-7, 2007.	000046	000017	000087	000048	000099	000047	000139	000150	000146	000308	https://dhq.digitalhumanities.org/vol/2/1/000018/000018.html
000019	2008	Gerhard Jan Nauta	Leiden University	Gerhard Jan Nauta, Leiden University	As You Can See: Applying Visual Collaborative Filtering to Works of Art	000202	000123	000227	000078	000145	000351	000196	000081	000034	000685	https://dhq.digitalhumanities.org/vol/2/1/000019/000019.html
000020	2008	Wendell Piez	Mulberry Technologies, Inc.	Wendell Piez, Mulberry Technologies, Inc.	Something Called "Digital Humanities"	000014	000088	000015	000007	000351	000112	000645	000202	000077	000080	https://dhq.digitalhumanities.org/vol/2/1/000020/000020.html
000021	2009	Gregory Crane | Brent Seales | Melissa Terras	Tufts University | University of Kentucky | University College London	Gregory Crane, Tufts University; Brent Seales, University of Kentucky; Melissa Terras, University College London	Acknowledgements and Dedications	000382	000297	000134	000546	000237	000396	000029	000024	000395	000475	https://dhq.digitalhumanities.org/vol/3/1/000021/000021.html
000022	2009	Dot Porter	Digital Humanities Observatory	Dot Porter, Digital Humanities Observatory	Ross Scaife (1960-2008)	000311	000055	000177	000112	000163	000133	000119	000336	000095	000127	https://dhq.digitalhumanities.org/vol/3/1/000022/000022.html
000023	2009	Gregory Crane | Brent Seales | Melissa Terras	Tufts University | University of Kentucky | University College London	Gregory Crane, Tufts University; Brent Seales, University of Kentucky; Melissa Terras, University College London	Cyberinfrastructure for Classical Philology	000035	000034	000033	000030	000790	000029	000134	000454	000217	000706	https://dhq.digitalhumanities.org/vol/3/1/000023/000023.html
000024	2009	Christopher Blackwell | Thomas R. Martin	Furman University | College of the Holy Cross	Christopher Blackwell, Furman University; Thomas R. Martin, College of the Holy Cross	Technology, Collaboration, and Undergraduate Research	000385	000215	000252	000306	000436	000029	000471	000390	000322	000063	https://dhq.digitalhumanities.org/vol/3/1/000024/000024.html
000025	2009	Anne Mahoney	Tufts University	Anne Mahoney, Tufts University	Tachypaedia Byzantina: The Suda On Line as Collaborative Encyclopedia	000184	000029	000031	000350	000709	000683	000047	000173	000620	000179	https://dhq.digitalhumanities.org/vol/3/1/000025/000025.html
000026	2009	Bruce Robertson	Mount Allison University	Bruce Robertson, Mount Allison University	Exploring Historical RDF with Heml	000105	000244	000078	000146	000031	000263	000604	000296	000808	000534	https://dhq.digitalhumanities.org/vol/3/1/000026/000026.html
000027	2009	Jeffrey A. Rydberg-Cox	University of Missouri-Kansas City	Jeffrey A. Rydberg-Cox, University of Missouri-Kansas City	Digitizing Latin Incunabula: Challenges, Methods, and Possibilities	000058	000442	000449	000030	000004	000071	000034	000125	000382	000430	https://dhq.digitalhumanities.org/vol/3/1/000027/000027.html
000028	2009	Neel Smith	College of the Holy Cross	Neel Smith, College of the Holy Cross	Citation in Classical Studies	000181	000350	000245	000424	000164	000255	000538	000061	000026	000107	https://dhq.digitalhumanities.org/vol/3/1/000028/000028.html
000029	2009	Casey Dué | Mary Ebbott	University of Houston, Texas | College of the Holy Cross	Casey Dué, University of Houston, Texas; Mary Ebbott, College of the Holy Cross	Digital Criticism: Editorial Standards for the Homer Multitext	000025	000447	000014	000030	000150	000047	000031	000035	000013	000108	https://dhq.digitalhumanities.org/vol/3/1/000029/000029.html
000030	2009	Hugh Cayless | Charlotte Roueché | Tom Elliott | Gabriel Bodard	University of North Carolina | King's College London | New York University | King's College London	Hugh Cayless, University of North Carolina; Charlotte Roueché, King's College London; Tom Elliott, New York University; Gabriel Bodard, King's College London	Epigraphy in 2017	000029	000447	000034	000247	000035	000023	000649	000251	000033	000382	https://dhq.digitalhumanities.org/vol/3/1/000030/000030.html
000031	2009	Tom Elliott | Sean Gillies	New York University | New York University	Tom Elliott, New York University; Sean Gillies, New York University	Digital Geography and Classics	000029	000025	000003	000123	000026	000184	000770	000057	000467	000173	https://dhq.digitalhumanities.org/vol/3/1/000031/000031.html
000032	2009	Raphael Finkel | Gregory Stump	University of Kentucky | University of Kentucky	Raphael Finkel, University of Kentucky; Gregory Stump, University of Kentucky	What Your Teacher Told You is True: Latin Verbs Have Four Principal Parts	000033	000357	000337	000146	000170	000730	000023	000012	000014	000498	https://dhq.digitalhumanities.org/vol/3/1/000032/000032.html
000033	2009	David Bamman | Gregory Crane	Tufts University | Tufts University	David Bamman, Tufts University; Gregory Crane, Tufts University	Computational Linguistics and Classical Lexicography	000034	000023	000035	000247	000134	000392	000074	000032	000251	000030	https://dhq.digitalhumanities.org/vol/3/1/000033/000033.html
000034	2009	Gregory Crane | Alison Babeu | David Bamman | Thomas Breuel | Lisa Cerrato | Daniel Deckers | Anke Lüdeling | David Mimno | Rashmi Singhal | David A. Smith | Amir Zeldes	Tufts University | Tufts University | Tufts University | Technical University of Kaiserslautern | Tufts University | Hamburg University | Humboldt-University, Berlin | University of Massachusetts, Amherst | Tufts University | University of Massachusetts, Amherst | Humboldt-University, Berlin	Gregory Crane, Tufts University; Alison Babeu, Tufts University; David Bamman, Tufts University; Thomas Breuel, Technical University of Kaiserslautern; Lisa Cerrato, Tufts University; Daniel Deckers, Hamburg University; Anke Lüdeling, Humboldt-University, Berlin; David Mimno, University of Massachusetts, Amherst; Rashmi Singhal, Tufts University; David A. Smith, University of Massachusetts, Amherst; Amir Zeldes, Humboldt-University, Berlin	Classics in the Million Book Library	000035	000023	000033	000790	000327	000041	000475	000206	000029	000227	https://dhq.digitalhumanities.org/vol/3/1/000034/000034.html
000035	2009	Christopher Blackwell | Gregory Crane	Furman University | Tufts University	Christopher Blackwell, Furman University; Gregory Crane, Tufts University	Conclusion: Cyberinfrastructure, the Scaife Digital Library and Classics in a Digital age	000034	000023	000033	000790	000029	000014	000444	000215	000370	000438	https://dhq.digitalhumanities.org/vol/3/1/000035/000035.html
000036	2009	Gregory Nagy | James O'Donnell	Harvard University | Georgetown University	Gregory Nagy, Harvard University; James O'Donnell, Georgetown University	Foreword	000215	000320	000017	000233	000552	000531	000483	000385	000714	000304	https://dhq.digitalhumanities.org/vol/3/1/000036/000036.html
000037	2009	Matthew G. Kirschenbaum	University of Maryland	Matthew G. Kirschenbaum, University of Maryland	Done: Finishing Projects in the Digital Humanities	000867	000308	000004	000455	000668	000714	000321	000179	000047	000163	https://dhq.digitalhumanities.org/vol/3/2/000037/000037.html
000038	2009	William A. Kretzschmar, Jr.	University of Georgia	William A. Kretzschmar, Jr., University of Georgia	Large-Scale Humanities Computing Projects: Snakes Eating Tails, or Every End is a New Beginning?	000174	000003	000294	000319	000227	000330	000473	000661	000350	000460	https://dhq.digitalhumanities.org/vol/3/2/000038/000038.html
000039	2009	David Sewell	University of Virginia Press	David Sewell, University of Virginia Press	It’s For Sale, So It Must Be Finished: Digital Projects in the Scholarly Publishing World	000007	000554	000008	000029	000040	000645	000132	000014	000662	000411	https://dhq.digitalhumanities.org/vol/3/2/000039/000039.html
000040	2009	Susan Brown | Patricia Clements | Isobel Grundy | Stan Ruecker | Jeffery Antoniuk | Sharon Balazs	University of Guelph | University of Alberta | University of Alberta | University of Alberta | University of Alberta | University of Alberta	Susan Brown, University of Guelph; Patricia Clements, University of Alberta; Isobel Grundy, University of Alberta; Stan Ruecker, University of Alberta; Jeffery Antoniuk, University of Alberta; Sharon Balazs, University of Alberta	Published Yet Never Done: The Tension Between Projection and Completion in Digital Humanities Research	000455	000670	000179	000173	000660	000524	000003	000227	000321	000509	https://dhq.digitalhumanities.org/vol/3/2/000040/000040.html
000041	2009	Shlomo Argamon | Mark Olsen	Linguistic Cognition Lab, Dept. of Computer Science, Illinois Institute of Technology | ARTFL Project, University of Chicago	Shlomo Argamon, Linguistic Cognition Lab, Dept. of Computer Science, Illinois Institute of Technology; Mark Olsen, ARTFL Project, University of Chicago	Words, Patterns and Documents: Experiments in Machine Learning and Text Analysis	000034	000738	000042	000043	000183	000044	000808	000442	000648	000170	https://dhq.digitalhumanities.org/vol/3/2/000041/000041.html
000042	2009	Shlomo Argamon | Jean-Baptiste Goulain | Russell Horton | Mark Olsen	Linguistic Cognition Lab, Dept. of Computer Science, Illinois Institute of Technology | Linguistic Cognition Lab, Dept. of Computer Science, Illinois Institute of Technology | Digital Library Development Center, University of Chicago | ARTFL Project, University of Chicago	Shlomo Argamon, Linguistic Cognition Lab, Dept. of Computer Science, Illinois Institute of Technology; Jean-Baptiste Goulain, Linguistic Cognition Lab, Dept. of Computer Science, Illinois Institute of Technology; Russell Horton, Digital Library Development Center, University of Chicago; Mark Olsen, ARTFL Project, University of Chicago	Vive la Différence! Text Mining Gender Difference in French Literature	000043	000263	000490	000223	000170	000291	000343	000041	000377	000618	https://dhq.digitalhumanities.org/vol/3/2/000042/000042.html
000043	2009	Shlomo Argamon | Charles Cooney | Russell Horton | Mark Olsen | Sterling Stein | Robert Voyer	Linguistic Cognition Lab, Dept. of Computer Science, Illinois Institute of Technology, Chicago | ARTFL Project, University of Chicago | Digital Library Development Center, University of Chicago | ARTFL Project, University of Chicago | Linguistic Cognition Lab, Dept. of Computer Science, Illinois Institute of Technology, Chicago | Powerset	Shlomo Argamon, Linguistic Cognition Lab, Dept. of Computer Science, Illinois Institute of Technology, Chicago; Charles Cooney, ARTFL Project, University of Chicago; Russell Horton, Digital Library Development Center, University of Chicago; Mark Olsen, ARTFL Project, University of Chicago; Sterling Stein, Linguistic Cognition Lab, Dept. of Computer Science, Illinois Institute of Technology, Chicago; Robert Voyer, Powerset	Gender, Race, and Nationality in Black Drama, 1950-2006: Mining Differences in Language Use in Authors and their Characters	000045	000216	000211	000042	000448	000034	000041	000223	000333	000469	https://dhq.digitalhumanities.org/vol/3/2/000043/000043.html
000044	2009	Russell Horton | Robert Morrissey | Mark Olsen | Glenn Roe | Robert Voyer	Digital Library Development Center, University of Chicago | University of Chicago | ARTFL Project, University of Chicago | ARTFL Project, University of Chicago | Powerset	Russell Horton, Digital Library Development Center, University of Chicago; Robert Morrissey, University of Chicago; Mark Olsen, ARTFL Project, University of Chicago; Glenn Roe, ARTFL Project, University of Chicago; Robert Voyer, Powerset	Mining Eighteenth Century Ontologies: Machine Learning and Knowledge Classification in the Encyclopédie	000097	000382	000237	000317	000144	000146	000034	000041	000808	000490	https://dhq.digitalhumanities.org/vol/3/2/000044/000044.html
000045	2009	Sean Ross Meehan	Washington College, Chesterton, MD	Sean Ross Meehan, Washington College, Chesterton, MD	Text Minding: "A Response to Gender, Race, and Nationality in Black Drama, 1850-2000: Mining Differences in Language Use in Authors and their Characters"	000043	000377	000170	000042	000223	000015	000289	000400	000280	000476	https://dhq.digitalhumanities.org/vol/3/2/000045/000045.html
000046	2009	Scott Rettberg	The University of Bergen Dept. of Literary, Linguistic, and Aesthetic Studies	Scott Rettberg, The University of Bergen Dept. of Literary, Linguistic, and Aesthetic Studies	Communitizing Electronic Literature	000017	000018	000087	000693	000308	000616	000193	000004	000325	000151	https://dhq.digitalhumanities.org/vol/3/2/000046/000046.html
000047	2009	Sarah Toton | Stacey Martin	Emory University | Emory University	Sarah Toton, Emory University; Stacey Martin, Emory University	Teaching and Learning from the U.S. South in Global Contexts: A Case Study of Southern Spaces and Southcomb	000119	000029	000184	000063	000481	000303	000524	000013	000588	000031	https://dhq.digitalhumanities.org/vol/3/2/000047/000047.html
000048	2009	Johanna Drucker	University of California, Los Angeles	Johanna Drucker, University of California, Los Angeles	A Review of Matthew Kirschenbaum, Mechanisms: New Media and the Forensic Imagination Cambridge, MA and London, UK: MIT University Press, 2008	000051	000140	000150	000052	000139	000047	000389	000002	000018	000144	https://dhq.digitalhumanities.org/vol/3/2/000048/000048.html
000049	2009	Eric Gordon | David Bogen	Emerson College | Rhode Island School of Design	Eric Gordon, Emerson College; David Bogen, Rhode Island School of Design	Designing Choreographies for the "New Economy of Attention"	000118	000390	000685	000109	000219	000386	000242	000120	000304	000180	https://dhq.digitalhumanities.org/vol/3/2/000049/000049.html
000050	2009	Amy Earhart | Maura Ives	Texas A&M University | Texas A&M University	Amy Earhart, Texas A&M University; Maura Ives, Texas A&M University	Introduction	000677	000055	000080	000077	000177	000079	000820	000133	000311	000416	https://dhq.digitalhumanities.org/vol/3/3/000050/000050.html
000051	2009	Peter M. W. Robinson	University of Birmingham	Peter M. W. Robinson, University of Birmingham	The Ends of Editing	000150	000088	000029	000054	000212	000099	000047	000013	000018	000020	https://dhq.digitalhumanities.org/vol/3/3/000051/000051.html
000052	2009	Morris Eaves	University of Rochester	Morris Eaves, University of Rochester	Picture Problems: X-Editing Images 1992-2010	000088	000275	000573	000212	000159	000165	000057	000048	000124	000025	https://dhq.digitalhumanities.org/vol/3/3/000052/000052.html
000053	2009	Kenneth M. Price	University of Nebraska-Lincoln	Kenneth M. Price, University of Nebraska-Lincoln	Edition, Project, Database, Archive, Thematic Research Collection: What's in a Name?	000424	000761	000175	000003	000328	000772	000144	000059	000515	000196	https://dhq.digitalhumanities.org/vol/3/3/000053/000053.html
000054	2009	Peter Shillingsburg	Loyola University Chicago	Peter Shillingsburg, Loyola University Chicago	How Literary Works Exist: Convenient Scholarly Editions	000151	000320	000150	000215	000107	000202	000051	000227	000350	000181	https://dhq.digitalhumanities.org/vol/3/3/000054/000054.html
000055	2009	Julia Flanders	Brown University	Julia Flanders, Brown University	The Productive Unease of 21st-century Digital Scholarship	000127	000080	000177	000077	000133	000079	000311	000070	000050	000112	https://dhq.digitalhumanities.org/vol/3/3/000055/000055.html
000056	2009	Olin Bjork	Georgia Institute of Technology	Olin Bjork, Georgia Institute of Technology	Reinventing the Classroom Edition: Paradise Lost Book IX Flash Audiotext	000507	000173	000169	000538	000265	000081	000372	000337	000356	000275	https://dhq.digitalhumanities.org/vol/3/3/000056/000056.html
000057	2009	Amy Earhart	Texas A&M University	Amy Earhart, Texas A&M University	Mapping Concord: Google Maps and the 19th-Century Concord Digital Archive	000031	000467	000091	000173	000052	000146	000819	000299	000184	000003	https://dhq.digitalhumanities.org/vol/3/3/000057/000057.html
000058	2009	Eugene Lyman	University of Rhode Island	Eugene Lyman, University of Rhode Island	"May the Text Rise up to Meet You": New Ways of Reading Old Manuscripts	000414	000227	000027	000449	000574	000405	000108	000382	000062	000281	https://dhq.digitalhumanities.org/vol/3/3/000058/000058.html
000059	2009	Laura Mandell	Miami University of Ohio	Laura Mandell, Miami University of Ohio	The Poetess Archive Database	000184	000061	000227	000174	000344	000469	000538	000173	000523	000502	https://dhq.digitalhumanities.org/vol/3/3/000059/000059.html
000060	2009	Aimee Roundtree	University of Houston-Downtown	Aimee Roundtree, University of Houston-Downtown	Simulated Visuals: Some Rhetorical and Ethical Implications	000091	000339	000356	000146	000397	000170	000205	000819	000276	000332	https://dhq.digitalhumanities.org/vol/3/3/000060/000060.html
000061	2009	Eduardo Urbina | Richard Furuta | Steven E. Smith	Texas A&M University | Texas A&M University | Texas A&M University	Eduardo Urbina, Texas A&M University; Richard Furuta, Texas A&M University; Steven E. Smith, Texas A&M University	Cervantes Project: The Digital Quixote Iconography Collection	000670	000174	000586	000173	000515	000184	000003	000059	000175	000179	https://dhq.digitalhumanities.org/vol/3/3/000061/000061.html
000062	2009	Wesley Raabe	Kent State University	Wesley Raabe, Kent State University	Over Uncle Tom's Dead Body: Publication Context and Textual Variation in Harriet Beecher Stowe's Uncle Tom's Cabin	000382	000108	000447	000197	000595	000574	000058	000140	000029	000320	https://dhq.digitalhumanities.org/vol/3/3/000062/000062.html
000063	2009	Katheryn Giglio | John Venecek	University of Central Florida (English Department) | University of Central Florida Libraries	Katheryn Giglio, University of Central Florida (English Department); John Venecek, University of Central Florida Libraries	The Radical Historicity of Everything: Exploring Shakespearean Identity with Web 2.0	000320	000047	000665	000319	000323	000197	000092	000150	000029	000478	https://dhq.digitalhumanities.org/vol/3/3/000063/000063.html
000064	2009	Jerome McDonough	Graduate School of Library and Information Science, University of Illinois at Urbana-Champaign	Jerome McDonough, Graduate School of Library and Information Science, University of Illinois at Urbana-Champaign	XML, Interoperability and the Social Construction of Markup Languages: The Library Example	000344	000449	000199	000015	000059	000034	000448	000196	000450	000107	https://dhq.digitalhumanities.org/vol/3/3/000064/000064.html
000065	2009	Patrik Svensson	Umeå University	Patrik Svensson, Umeå University	Humanities Computing as Digital Humanities	000121	000007	000081	000080	000369	000091	000457	000207	000083	000005	https://dhq.digitalhumanities.org/vol/3/3/000065/000065.html
000066	2009	Elizabeth Sandifer	University of Florida	Elizabeth Sandifer, University of Florida	Avatari: Disruption and Imago in Video Games	000122	000129	000486	000339	000429	000433	000101	000568	000204	000049	https://dhq.digitalhumanities.org/vol/3/3/000066/000066.html
000067	2009	Stan Ruecker | Milena Radzikowska | Stéfan Sinclair	University of Alberta, Canada | Mount Royal College, Canada | McMaster University, Canada	Stan Ruecker, University of Alberta, Canada; Milena Radzikowska, Mount Royal College, Canada; Stéfan Sinclair, McMaster University, Canada	Designing Data Mining Droplets: New Interface Objects for the Humanities Scholar	000337	000166	000205	000819	000709	000190	000356	000281	000216	000486	https://dhq.digitalhumanities.org/vol/3/3/000067/000067.html
000068	2010	Amélie Zöllner-Weber	Uni Digital, Bergen, Norway	Amélie Zöllner-Weber, Uni Digital, Bergen, Norway	Ontologies and Logic Reasoning as Tools in Humanities?	000146	000145	000291	000589	000316	000026	000104	000078	000745	000370	https://dhq.digitalhumanities.org/vol/3/4/000068/000068.html
000069	2010	Kari Kraus	College of Information Studies and Department of English, University of Maryland	Kari Kraus, College of Information Studies and Department of English, University of Maryland	Conjectural Criticism: Computing Past and Future Texts	000461	000751	000263	000012	000144	000089	000042	000618	000291	000244	https://dhq.digitalhumanities.org/vol/3/4/000069/000069.html
000070	2010	Melissa M. Terras	Department of Information Studies, University College London	Melissa M. Terras, Department of Information Studies, University College London	The Potential and Problems in using High Performance Computing in the Arts and Humanities: the Researching e-Science Analysis of Census Holdings (ReACH) Project.	000184	000074	000047	000472	000133	000374	000029	000481	000077	000055	https://dhq.digitalhumanities.org/vol/3/4/000070/000070.html
000071	2010	Peter Ainsworth | Michael Meredith	Dept of French and Humanities Research Institute, University of Sheffield | Humanities Research Institute, University of Sheffield	Peter Ainsworth, Dept of French and Humanities Research Institute, University of Sheffield; Michael Meredith, Humanities Research Institute, University of Sheffield	e-Science for Medievalists: Options, Challenges, Solutions and Opportunities	000546	000374	000029	000159	000173	000125	000123	000108	000412	000227	https://dhq.digitalhumanities.org/vol/3/4/000071/000071.html
000072	2010	Nicolas Gold	King's College London, Department of Computer Science	Nicolas Gold, King's College London, Department of Computer Science	Service-Oriented Software in the Humanities: A Software Engineering Perspective	000620	000127	000119	000184	000134	000500	000047	000074	000761	000374	https://dhq.digitalhumanities.org/vol/3/4/000072/000072.html
000073	2010	John Unsworth	Graduate School of Library and Information Science, University of Illinois, Urbana-Champaign	John Unsworth, Graduate School of Library and Information Science, University of Illinois, Urbana-Champaign	The Making of "Our Cultural Commonwealth"	000174	000038	000350	000473	000090	000184	000477	000319	000166	000411	https://dhq.digitalhumanities.org/vol/3/4/000073/000073.html
000074	2010	Gregory Sporton	Director, Visualisation Research Unit, School of Art, Birmingham City University	Gregory Sporton, Director, Visualisation Research Unit, School of Art, Birmingham City University	The "e" Prefix: e-Science, e-Art & the New Creativity	000167	000070	000134	000145	000142	000072	000112	000379	000080	000127	https://dhq.digitalhumanities.org/vol/3/4/000074/000074.html
000075	2010	Ray Siemens | Cara Leitch | Analisa Blake | Karin Armstrong | John Willinsky	University of Victoria | University of Victoria | University of Victoria | University of Victoria | University of British Columbia/Stanford	Ray Siemens, University of Victoria; Cara Leitch, University of Victoria; Analisa Blake, University of Victoria; Karin Armstrong, University of Victoria; John Willinsky, University of British Columbia/Stanford	"It May Change My Understanding of the Field": Understanding Reading Tools for Scholars and Professional Readers	000387	000178	000128	000510	000197	000313	000507	000356	000304	000227	https://dhq.digitalhumanities.org/vol/3/4/000075/000075.html
000076	2010	Angela Piccini	University of Bristol	Angela Piccini, University of Bristol	Locating Grid Technologies: Performativity, Place, Space: Challenging the Institutionalized Spaces of e-Science	000080	000184	000375	000142	000386	000177	000074	000070	000055	000077	https://dhq.digitalhumanities.org/vol/3/4/000076/000076.html
000077	2010	Christine L. Borgman	Professor & Presidential Chair in Information Studies, UCLA	Christine L. Borgman, Professor & Presidential Chair in Information Studies, UCLA	The Digital Future is Now: A Call to Action for the Humanities	000177	000311	000080	000133	000119	000167	000079	000055	000114	000047	https://dhq.digitalhumanities.org/vol/3/4/000077/000077.html
000078	2010	Mark Hedges	Centre for e-Research, King’s College London	Mark Hedges, Centre for e-Research, King’s College London	Grid-enabling Humanities Datasets	000026	000123	000184	000019	000054	000111	000055	000146	000090	000025	https://dhq.digitalhumanities.org/vol/3/4/000078/000078.html
000079	2010	Stuart Dunn | Tobias Blanke	Centre for e-Research, King's College London | Centre for e-Research, King's College London	Stuart Dunn, Centre for e-Research, King's College London; Tobias Blanke, Centre for e-Research, King's College London	Digital Humanities Quarterly Special Cluster on Arts and Humanities e-Science	000080	000177	000055	000077	000311	000133	000070	000677	000127	000050	https://dhq.digitalhumanities.org/vol/3/4/000079/000079.html
000080	2010	Patrik Svensson	HUMlab, Umeå University	Patrik Svensson, HUMlab, Umeå University	The Landscape of Digital Humanities	000177	000077	000055	000311	000079	000133	000076	000193	000808	000112	https://dhq.digitalhumanities.org/vol/4/1/000080/000080.html
000081	2010	Belinda Barnet	Lecturer in Media at Swinburne University Melbourne, in association with Smart Services CRC.	Belinda Barnet, Lecturer in Media at Swinburne University Melbourne, in association with Smart Services CRC.	Crafting the User-Centered Document Interface: The Hypertext Editing System (HES) and the File Retrieval and Editing System (FRESS)	000173	000136	000248	000056	000507	000808	000227	000265	000083	000080	https://dhq.digitalhumanities.org/vol/4/1/000081/000081.html
000082	2010	Domenico Fiormonte | Valentina Martiradonna | Desmond Schmidt	Università Roma Tre, Dipartimento di Italianistica | Università di Roma, La Sapienza | Queensland University of Technology, Information Security Institute	Domenico Fiormonte, Università Roma Tre, Dipartimento di Italianistica; Valentina Martiradonna, Università di Roma, La Sapienza; Desmond Schmidt, Queensland University of Technology, Information Security Institute	Digital Encoding as a Hermeneutic and Semiotic Act: The Case of Valerio Magrelli	000300	000751	000263	000315	000295	000004	000328	000323	000338	000042	https://dhq.digitalhumanities.org/vol/4/1/000082/000082.html
000083	2010	Susan Schreibman | Ann M. Hanlon	Digital Humanities Observatory | Marquette University	Susan Schreibman, Digital Humanities Observatory; Ann M. Hanlon, Marquette University	Determining Value for Digital Humanities Tools: Report on a Survey of Tool Developers	000121	000091	000081	000173	000193	000108	000015	000436	000056	000542	https://dhq.digitalhumanities.org/vol/4/2/000083/000083.html
000084	2010	Sarah Buchanan	The Meadows School	Sarah Buchanan, The Meadows School	Accessioning the Digital Humanities: Report from the 1st Archival Education and Research Institute	000179	000227	000640	000319	000491	000129	000620	000443	000163	000592	https://dhq.digitalhumanities.org/vol/4/1/000084/000084.html
000085	2010	Doug Reside	University of Maryland, College Park	Doug Reside, University of Maryland, College Park	A review of Noah Wardrip-Fruin’s Expressive Processing: Digital Fictions, Computer Games, and Software Studies	000047	000402	000417	000081	000386	000002	000486	000056	000429	000314	https://dhq.digitalhumanities.org/vol/4/2/000085/000085.html
000086	2010	Sharon Irish | Wendy Plotkin	Interim Director, Community Informatics Initiative, Graduate School of Library and Information Science, University of Illinois, Urbana-Champaign | Editor-in-Chief, H-Urban	Sharon Irish, Interim Director, Community Informatics Initiative, Graduate School of Library and Information Science, University of Illinois, Urbana-Champaign; Wendy Plotkin, Editor-in-Chief, H-Urban	History, People, and Informatics: A Conversation between Sharon Irish and Wendy Plotkin	000329	000415	000232	000317	000623	000262	000738	000135	000130	000634	https://dhq.digitalhumanities.org/vol/4/2/000086/000086.html
000087	2010	Manuel Portela	University of Coimbra	Manuel Portela, University of Coimbra	The Machine in the Text, and the Text in the Machine	000046	000693	000018	000162	000207	000017	000325	000165	000616	000707	https://dhq.digitalhumanities.org/vol/4/1/000087/000087.html
000088	2010	Arianna Ciula	Independent Scholar	Arianna Ciula, Independent Scholar	The New Edition of the Letters of Vincent van Gogh on the Web	000029	000051	000013	000150	000231	000020	000014	000054	000025	000212	https://dhq.digitalhumanities.org/vol/4/2/000088/000088.html
000089	2010	Jerome McDonough | Matthew Kirschenbaum | Doug Reside | Neil Fraistat | Dennis Jerz	Graduate School of Library and Information Science, University of Illinois at Urbana-Champaign | Maryland Institute for Technology in the Humanities, University of Maryland | Maryland Institute for Technology in the Humanities, University of Maryland | Maryland Institute for Technology in the Humanities, University of Maryland | English — New Media Journalism, Seton Hill University	Jerome McDonough, Graduate School of Library and Information Science, University of Illinois at Urbana-Champaign; Matthew Kirschenbaum, Maryland Institute for Technology in the Humanities, University of Maryland; Doug Reside, Maryland Institute for Technology in the Humanities, University of Maryland; Neil Fraistat, Maryland Institute for Technology in the Humanities, University of Maryland; Dennis Jerz, English — New Media Journalism, Seton Hill University	Twisty Little Passages Almost All Alike: Applying the FRBR Model to a Classic Computer Game	000415	000202	000455	000450	000661	000308	000470	000350	000254	000441	https://dhq.digitalhumanities.org/vol/4/2/000089/000089.html
000090	2011	Patrik Svensson	HUMlab, Umeå University	Patrik Svensson, HUMlab, Umeå University	From Optical Fiber To Conceptual Cyberinfrastructure	000319	000184	000306	000174	000227	000054	000029	000070	000473	000123	https://dhq.digitalhumanities.org/vol/5/1/000090/000090.html
000091	2011	Johanna Drucker	Breslauer Professor of Bibliographical Studies Department of Information Studies, UCLA	Johanna Drucker, Breslauer Professor of Bibliographical Studies Department of Information Studies, UCLA	Humanities Approaches to Graphical Display	000819	000121	000337	000356	000083	000397	000205	000060	000067	000402	https://dhq.digitalhumanities.org/vol/5/1/000091/000091.html
000092	2011	J.J. Butts	Assistant Professor of English, Wartburg College	J.J. Butts, Assistant Professor of English, Wartburg College	Missed Connections: The Collective Novel and the Metropolis	000094	000096	000150	000145	000063	000097	000300	000105	000649	000335	https://dhq.digitalhumanities.org/vol/5/2/000092/000092.html
000093	2011	Molly Gage	University of Minnesota	Molly Gage, University of Minnesota	Winesburg, Ohio: A Modernist Kluge	000140	000289	000259	000300	000271	000097	000183	000332	000005	000096	https://dhq.digitalhumanities.org/vol/5/2/000093/000093.html
000094	2011	Wesley Beal	Lyon College	Wesley Beal, Lyon College	Network Narration in John Dos Passos’s U.S.A. Trilogy	000092	000096	000300	000097	000791	000382	000161	000289	000434	000545	https://dhq.digitalhumanities.org/vol/5/2/000094/000094.html
000095	2011	Wendell Piez	Senior Consultant, Mulberry Technologies, Inc.	Wendell Piez, Senior Consultant, Mulberry Technologies, Inc.	Impractical Applications	000112	000167	000134	000022	000077	000177	000287	000142	000701	000418	https://dhq.digitalhumanities.org/vol/5/1/000095/000095.html
000096	2011	Stacy Lavin	Independent Scholar	Stacy Lavin, Independent Scholar	"The Globe is All One": Wars I Have Seen as Proto-Network Narrative	000161	000300	000093	000097	000094	000099	000150	000158	000092	000616	https://dhq.digitalhumanities.org/vol/5/2/000096/000096.html
000097	2011	Wesley Beal | Stacy Lavin	Lyon College | Independent Scholar	Wesley Beal, Lyon College; Stacy Lavin, Independent Scholar	Theorizing Connectivity: Modernism and the Network Narrative	000300	000140	000244	000188	000044	000094	000012	000144	000093	000197	https://dhq.digitalhumanities.org/vol/5/2/000097/000097.html
000098	2011	Aaron Kashtan	Department of English University of Florida	Aaron Kashtan, Department of English University of Florida	Forward to the Past: Nostalgia for Handwriting in Scribblenauts and The World Ends with You	000457	000394	000122	000115	000356	000619	000339	000108	000011	000002	https://dhq.digitalhumanities.org/vol/5/3/000098/000098.html
000099	2011	Maria Engberg | Jay David Bolter	Blekinge Institute of Technology | Georgia Institute of Technology	Maria Engberg, Blekinge Institute of Technology; Jay David Bolter, Georgia Institute of Technology	Digital Literature and the Modernist Problem	000140	000150	000096	000007	000197	000097	000741	000051	000616	000018	https://dhq.digitalhumanities.org/vol/5/3/000099/000099.html
000100	2011	Gregory L. Ulmer	Professor of English and Media Studies University of Florida, Gainesville	Gregory L. Ulmer, Professor of English and Media Studies University of Florida, Gainesville	Avatar Emergency	000122	000153	000172	000085	000193	000165	000182	000015	000002	000344	https://dhq.digitalhumanities.org/vol/5/3/000100/000100.html
000101	2011	Aaron Kashtan	Department of English, University of Florida	Aaron Kashtan, Department of English, University of Florida	Because It's Not There: Ekphrasis and the Threat of Graphics in Interactive Fiction	000400	000066	000486	000165	000122	000200	000402	000863	000129	000385	https://dhq.digitalhumanities.org/vol/5/1/000101/000101.html
000102	2011	Helen J. Burgess | Jeanne Hamming	University of Maryland Baltimore County | Centenary College of Louisiana	Helen J. Burgess, University of Maryland Baltimore County; Jeanne Hamming, Centenary College of Louisiana	New Media in the Academy: Labor and the Production of Knowledge in Scholarly Multimedia	000146	000115	000047	000150	000456	000014	000054	000088	000151	000184	https://dhq.digitalhumanities.org/vol/5/3/000102/000102.html
000103	2011	Brian Greenspan	Carleton University	Brian Greenspan, Carleton University	The New Place of Reading: Locative Media and the Future of Narrative	000115	000616	000564	000140	000108	000386	000389	000162	000619	000003	https://dhq.digitalhumanities.org/vol/5/3/000103/000103.html
000104	2011	John Cayley	Brown University	John Cayley, Brown University	Writing to be Found and Writing Readers	000165	000434	000250	000503	000146	000317	000481	000291	000046	000068	https://dhq.digitalhumanities.org/vol/5/3/000104/000104.html
000105	2011	Phillip H. Gochenour	Towson University	Phillip H. Gochenour, Towson University	Nodalism	000026	000196	000097	000146	000195	000244	000127	000145	000415	000604	https://dhq.digitalhumanities.org/vol/5/3/000105/000105.html
000106	2011	Paul Fyfe	Florida State University	Paul Fyfe, Florida State University	Digital Pedagogy Unplugged	000118	000394	000437	000193	000351	000212	000199	000409	000098	000141	https://dhq.digitalhumanities.org/vol/5/3/000106/000106.html
000107	2011	James Smithies	University of Canterbury, New Zealand	James Smithies, University of Canterbury, New Zealand	A View from IT	000181	000054	000184	000014	000350	000463	000174	000319	000196	000370	https://dhq.digitalhumanities.org/vol/5/3/000107/000107.html
000108	2011	Craig Saper	University of Maryland, Baltimore County	Craig Saper, University of Maryland, Baltimore County	Readies Online	000140	000321	000029	000003	000197	000317	000389	000369	000193	000327	https://dhq.digitalhumanities.org/vol/5/3/000108/000108.html
000109	2011	Mauro Carassai | Elisabet Takehana	University of Florida | Fitchburg State University	Mauro Carassai, University of Florida; Elisabet Takehana, Fitchburg State University	Introduction	000049	000457	000318	000172	000256	000193	000488	000120	000689	000664	https://dhq.digitalhumanities.org/vol/5/3/000109/000109.html
000110	2012	Mark Deuze | Peter Blank | Laura Speers	Department of Telecommunications, Indiana University | Department of Telecommunications, Indiana University | King's College, London	Mark Deuze, Department of Telecommunications, Indiana University; Peter Blank, Department of Telecommunications, Indiana University; Laura Speers, King's College, London	A Life Lived in Media	000118	000122	000361	000619	000102	000386	000243	000011	000437	000446	https://dhq.digitalhumanities.org/vol/6/1/000110/000110.html
000111	2012	Ray Siemens | Meagan Timney | Cara Leitch | Corina Koolen | Alex Garnett	University of Victoria | University of Victoria | University of Victoria | University of Victoria | University of Victoria	Ray Siemens, University of Victoria; Meagan Timney, University of Victoria; Cara Leitch, University of Victoria; Corina Koolen, University of Victoria; Alex Garnett, University of Victoria	Pertinent Discussions Toward Modeling the Social Edition: Annotated Bibliographies	000123	000202	000864	000726	000164	000078	000454	000431	000025	000090	https://dhq.digitalhumanities.org/vol/6/1/000111/000111.html
000112	2012	Patrik Svensson	University of Umeå	Patrik Svensson, University of Umeå	Envisioning the Digital Humanities	000202	000167	000209	000095	000134	000163	000217	000706	000177	000055	https://dhq.digitalhumanities.org/vol/6/1/000112/000112.html
000113	2012	David Ciccoricco	University of Otago	David Ciccoricco, University of Otago	The Materialities of Close Reading: 1942, 1959, 2009	000140	000203	000180	000377	000315	000654	000389	000461	000616	000734	https://dhq.digitalhumanities.org/vol/6/1/000113/000113.html
000114	2013	Lynne Siemens	University of Victoria	Lynne Siemens, University of Victoria	Developing Academic Capacity in Digital Humanities: Thoughts from the Canadian Community	000077	000311	000147	000006	000334	000177	000471	000133	000303	000193	https://dhq.digitalhumanities.org/vol/7/1/000114/000114.html
000115	2013	Yung-Hsing Wu	University of Louisiana, Lafayette	Yung-Hsing Wu, University of Louisiana, Lafayette	Kindling, Disappearing, Reading	000103	000017	000619	000162	000734	000108	000394	000341	000564	000503	https://dhq.digitalhumanities.org/vol/7/1/000115/000115.html
000116	2013	Ruth Mostern | Elana Gainor	University of California Merced | University of California Merced	Ruth Mostern, University of California Merced; Elana Gainor, University of California Merced	Traveling the Silk Road on a Virtual Globe: Pedagogy, Technology and Evaluation for Spatial History	000467	000302	000312	000679	000330	000614	000031	000652	000029	000415	https://dhq.digitalhumanities.org/vol/7/2/000116/000116.html
000117	2012	John A. Walsh	Indiana University	John A. Walsh, Indiana University	Comic Book Markup Language: An Introduction and Rationale	000052	000619	000004	000185	000122	000093	000456	000276	000582	000139	https://dhq.digitalhumanities.org/vol/6/1/000117/000117.html
000118	2012	Lissa Holloway-Attaway	Blekinge Tekniska Högskola	Lissa Holloway-Attaway, Blekinge Tekniska Högskola	Beyond Representation: Embodied Expression and Social Me-dia	000049	000122	000110	000409	000143	000106	000437	000685	000271	000456	https://dhq.digitalhumanities.org/vol/6/2/000118/000118.html
000119	2012	Craig Bellamy	VeRSI, University of Melbourne, Australia	Craig Bellamy, VeRSI, University of Melbourne, Australia	The Sound of Many Hands Clapping: Teaching the Digital Humanities through Virtual Research Environment (VREs)	000047	000184	000386	000177	000072	000077	000167	000127	000311	000142	https://dhq.digitalhumanities.org/vol/6/2/000119/000119.html
000120	2012	Aden Evens	Dartmouth College	Aden Evens, Dartmouth College	Web 2.0 and the Ontology of the Digital	000011	000471	000109	000361	000457	000147	000369	000264	000256	000049	https://dhq.digitalhumanities.org/vol/6/2/000120/000120.html
000121	2012	John Bradley	Kings College London	John Bradley, Kings College London	Towards a Richer Sense of Digital Annotation: Moving Beyond a "Media" Orientation of the Annotation of Digital Objects	000081	000056	000275	000507	000083	000224	000178	000091	000159	000518	https://dhq.digitalhumanities.org/vol/6/2/000121/000121.html
000122	2012	Stephanie Boluk | Patrick LeMieux	Vassar College | Duke University	Stephanie Boluk, Vassar College; Patrick LeMieux, Duke University	Stretched Skulls: Anamorphic Games and the memento mortem mortis	000118	000409	000100	000541	000193	000011	000066	000129	000052	000238	https://dhq.digitalhumanities.org/vol/6/2/000122/000122.html
000123	2012	Geoffrey Rockwell | Peter Organisciak | Megan Meredith-Lobay | Kamal Ranaweera | Stan Ruecker | Julianne Nyhan	University of Alberta | University of Illinois, Urbana-Champaign | University of Alberta | University of Alberta | Illinois Institute of Technology | University College London	Geoffrey Rockwell, University of Alberta; Peter Organisciak, University of Illinois, Urbana-Champaign; Megan Meredith-Lobay, University of Alberta; Kamal Ranaweera, University of Alberta; Stan Ruecker, Illinois Institute of Technology; Julianne Nyhan, University College London	The Design of an International Social Media Event: A Day in the Life of the Digital Humanities	000078	000336	000125	000173	000031	000019	000111	000431	000025	000090	https://dhq.digitalhumanities.org/vol/6/2/000123/000123.html
000124	2012	Paul Stephens	Columbia University	Paul Stephens, Columbia University	From the Personal to the Proprietary: Conceptual Writing's Critique of Metadata	000424	000231	000052	000344	000056	000159	000375	000199	000152	000144	https://dhq.digitalhumanities.org/vol/6/2/000124/000124.html
000125	2012	Tim Causer | Valerie Wallace	Bentham Project, University College London | Bentham Project, University College London,and Center for History and Economics, Harvard University	Tim Causer, Bentham Project, University College London; Valerie Wallace, Bentham Project, University College London,and Center for History and Economics, Harvard University	Building A Volunteer Community: Results and Findings from Transcribe Bentham	000173	000327	000123	000071	000336	000031	000184	000491	000179	000227	https://dhq.digitalhumanities.org/vol/6/2/000125/000125.html
000126	2012	John Johnston	Emory University	John Johnston, Emory University	Webbots and Machinic Agency	000146	000197	000684	000555	000412	000387	000683	000075	000121	000068	https://dhq.digitalhumanities.org/vol/6/2/000126/000126.html
000127	2012	Paul S. Rosenbloom	Department of Computer Science and Institute for Creative Technologies, University of Southern California	Paul S. Rosenbloom, Department of Computer Science and Institute for Creative Technologies, University of Southern California	Towards a Conceptual Framework for the Digital Humanities	000072	000620	000119	000055	000167	000134	000232	000070	000112	000146	https://dhq.digitalhumanities.org/vol/6/2/000127/000127.html
000128	2012	Belinda Barnet	Swinburne University of Technology	Belinda Barnet, Swinburne University of Technology	Machine Enhanced (Re)minding: the Development of Storyspace	000281	000197	000387	000075	000433	000616	000140	000356	000564	000203	https://dhq.digitalhumanities.org/vol/6/2/000128/000128.html
000129	2012	Kari Kraus | Rachel Donahue	University of Maryland | University of Maryland	Kari Kraus, University of Maryland; Rachel Donahue, University of Maryland	"Do You Want to Save Your Progress?": The Role of Professional and Player Communities in Preserving Virtual Worlds	000227	000204	000151	000122	000491	000761	000066	000179	000156	000486	https://dhq.digitalhumanities.org/vol/6/2/000129/000129.html
000130	2012	Julianne Nyhan | Andrew Flinn | Anne Welsh	Lecturer, UCL | Lecturer, UCL | Lecturer, UCL	Julianne Nyhan, Lecturer, UCL; Andrew Flinn, Lecturer, UCL; Anne Welsh, Lecturer, UCL	A short Introduction to the Hidden Histories project and interviews	000134	000131	000132	000086	000135	000133	000351	000213	000279	000554	https://dhq.digitalhumanities.org/vol/6/3/000130/000130.html
000131	2012	Ray Siemens | Anne Welsh | Julianne Nyhan | Jessica Salmon	University of Victoria | University College London | University College London | University of Trier	Ray Siemens, University of Victoria; Anne Welsh, University College London; Julianne Nyhan, University College London; Jessica Salmon, University of Trier	Video-gaming, Paradise Lost and TCP/IP: an Oral History Conversation between Ray Siemens and Anne Welsh	000134	000133	000193	000108	000135	000188	000155	000154	000128	000178	https://dhq.digitalhumanities.org/vol/6/3/000131/000131.html
000132	2012	John Unsworth | Anne Welsh | Julianne Nyhan | Jessica Salmon	Brandeis University | University College London | University College London | University of Trier	John Unsworth, Brandeis University; Anne Welsh, University College London; Julianne Nyhan, University College London; Jessica Salmon, University of Trier	Postmodern Culture and More: an Oral History Conversation between John Unsworth and Anne Welsh	000007	000134	000131	000645	000006	000077	000130	000086	000039	000020	https://dhq.digitalhumanities.org/vol/6/3/000132/000132.html
000133	2012	Harold Short | Julianne Nyhan | Anne Welsh | Jessica Salmon	King's College London and University of Western Sydney | University College London | University College London | University of Trier	Harold Short, King's College London and University of Western Sydney; Julianne Nyhan, University College London; Anne Welsh, University College London; Jessica Salmon, University of Trier	"Collaboration Must Be Fundamental or It's Not Going to Work": an Oral History Conversation between Harold Short and Julianne Nyhan	000070	000134	000077	000177	000184	000055	000080	000311	000079	000336	https://dhq.digitalhumanities.org/vol/6/3/000133/000133.html
000134	2012	Willard McCarty | Julianne Nyhan | Anne Welsh | Jessica Salmon	King's College London and University of Western Sydney | University College London | University College London | University of Trier	Willard McCarty, King's College London and University of Western Sydney; Julianne Nyhan, University College London; Anne Welsh, University College London; Jessica Salmon, University of Trier	Questioning, Asking and Enduring Curiosity: an Oral History Conversation between Julianne Nyhan and Willard McCarty	000167	000112	000127	000074	000095	000133	000202	000193	000546	000022	https://dhq.digitalhumanities.org/vol/6/3/000134/000134.html
000135	2012	Geoffrey Rockwell | Julianne Nyhan | Anne Welsh | Jessica Salmon	University of Alberta | University College London | University College London | University of Trier	Geoffrey Rockwell, University of Alberta; Julianne Nyhan, University College London; Anne Welsh, University College London; Jessica Salmon, University of Trier	Trading Stories: an Oral History Conversation between Geoffrey Rockwell and Julianne Nyhan	000623	000808	000133	000289	000193	000134	000263	000259	000488	000280	https://dhq.digitalhumanities.org/vol/6/3/000135/000135.html
000136	2012	Fred Gibbs | Trevor Owens	George Mason University | Library of Congress	Fred Gibbs, George Mason University; Trevor Owens, Library of Congress	Building Better Digital Humanities Tools: Toward broader audiences and user-centered designs	000081	000248	000310	000173	000819	000184	000337	000668	000019	000205	https://dhq.digitalhumanities.org/vol/6/2/000136/000136.html
000137	2012	Brent Nelson | Jon Bath	University of Saskatchewan | University of Saskatchewan	Brent Nelson, University of Saskatchewan; Jon Bath, University of Saskatchewan	Old Ways for Linking Texts in the Digital Reading Environment: The Case of the Thompson Chain Reference Bible	000075	000398	000389	000356	000140	000203	000496	000340	000864	000139	https://dhq.digitalhumanities.org/vol/6/2/000137/000137.html
000138	2012	Anna Chen	The University of Texas at Austin	Anna Chen, The University of Texas at Austin	In One's Own Hand: Seeing Manuscripts in a Digital Age	000140	000159	000257	000004	000398	000201	000170	000071	000014	000371	https://dhq.digitalhumanities.org/vol/6/2/000138/000138.html
000139	2012	Joseph Tabbi	University of Illinois at Chicago (UIC)	Joseph Tabbi, University of Illinois at Chicago (UIC)	Graphic Sublime: On the Art and Designwriting of Kate Armstrong and Michael Tippett	000212	000230	000193	000379	000048	000389	000150	000332	000159	000138	https://dhq.digitalhumanities.org/vol/6/2/000139/000139.html
000140	2013	Alison Tara Walker	Saint Louis University	Alison Tara Walker, Saint Louis University	The Boundless Book: A Conversation between the Pre-modern and Posthuman	000108	000197	000382	000389	000138	000203	000097	000616	000005	000317	https://dhq.digitalhumanities.org/vol/7/1/000140/000140.html
000141	2012	Terry Harpold	University of Florida	Terry Harpold, University of Florida	The Underside of the Digital Field	000386	000106	000146	000458	000531	000002	000085	000302	000727	000057	https://dhq.digitalhumanities.org/vol/6/2/000141/000141.html
000142	2013	Belinda Roman	St. Mary's University	Belinda Roman, St. Mary's University	An Agent-based Model for the Humanities	000145	000180	000327	000076	000323	000074	000151	000112	000167	000443	https://dhq.digitalhumanities.org/vol/7/1/000142/000142.html
000143	2013	Johanna Drucker	UCLA	Johanna Drucker, UCLA	Performative Materiality and Theoretical Approaches to Interface	000122	000118	000361	000081	000102	000356	000308	000011	000734	000437	https://dhq.digitalhumanities.org/vol/7/1/000143/000143.html
000144	2013	Ryan Cordell	Northeastern University	Ryan Cordell, Northeastern University	"Taken Possession of": The Reprinting and Reauthorship of Hawthorne's "Celestial Railroad" in the Antebellum Religious Press	000150	000176	000003	000231	000577	000761	000048	000300	000497	000735	https://dhq.digitalhumanities.org/vol/7/1/000144/000144.html
000145	2013	Eduard A. Arriaga | Fernando Sancho Caparrini | Juan Luis Suárez	University of Western Ontario | University of Sevilla | University of Western Ontario	Eduard A. Arriaga, University of Western Ontario; Fernando Sancho Caparrini, University of Sevilla; Juan Luis Suárez, University of Western Ontario	Modeling Afro-Latin American Artistic Representations in Topic Maps: Cuba’s Prominence in Latin American Discourse	000142	000148	000761	000074	000019	000072	000134	000327	000445	000291	https://dhq.digitalhumanities.org/vol/7/1/000145/000145.html
000146	2013	Tanya Clement | David Tcheng | Loretta Auvil | Boris Capitanu | Megan Monroe	University of Texas, Austin | University of Illinois, Urbana-Champaign | University of Illinois, Urbana-Champaign | University of Illinois, Urbana-Champaign | University of Maryland, College Park	Tanya Clement, University of Texas, Austin; David Tcheng, University of Illinois, Urbana-Champaign; Loretta Auvil, University of Illinois, Urbana-Champaign; Boris Capitanu, University of Illinois, Urbana-Champaign; Megan Monroe, University of Maryland, College Park	Sounding for Meaning: Using Theories of Knowledge Representation to Analyze Aural Patterns in Texts	000170	000397	000026	000373	000102	000002	000108	000015	000104	000105	https://dhq.digitalhumanities.org/vol/7/1/000146/000146.html
000147	2013	Robin Wharton	Independent Scholar	Robin Wharton, Independent Scholar	Digital Humanities, Copyright Law, and the Literary	000320	000233	000054	000120	000177	000023	000077	000334	000543	000188	https://dhq.digitalhumanities.org/vol/7/1/000147/000147.html
000148	2013	Ed Finn	Arizona State University	Ed Finn, Arizona State University	Revenge of the Nerd: Junot Díaz and the Networks of American Literary Imagination	000145	000448	000874	000142	000753	000323	000387	000757	000170	000545	https://dhq.digitalhumanities.org/vol/7/1/000148/000148.html
000149	2013	Nick Montfort | Stephanie Strickland	MIT | Independent scholar	Nick Montfort, MIT; Stephanie Strickland, Independent scholar	cut to fit the toolspun course	000157	000046	000699	000707	000308	000165	000018	000160	000153	000087	https://dhq.digitalhumanities.org/vol/7/1/000149/000149.html
000150	2013	Whitney Anne Trettien	Duke University	Whitney Anne Trettien, Duke University	A Deep History of Electronic Textuality: The Case of English Reprints Jhon Milton Areopagitica	000029	000051	000456	000088	000054	000144	000099	000212	000047	000102	https://dhq.digitalhumanities.org/vol/7/1/000150/000150.html
000151	2013	Matthew Kirschenbaum	University of Maryland	Matthew Kirschenbaum, University of Maryland	The .txtual Condition: Digital Humanities, Born-Digital Archives, and the Future Literary	000227	000199	000054	000820	000215	000460	000468	000320	000074	000380	https://dhq.digitalhumanities.org/vol/7/1/000151/000151.html
000152	2013	Mike Frangos	University of Umeå	Mike Frangos, University of Umeå	The End of Literature: Machine Reading and Amitav Ghosh’s The Calcutta Chromosome	000146	000108	000874	000363	000193	000003	000015	000524	000317	000158	https://dhq.digitalhumanities.org/vol/7/1/000152/000152.html
000153	2013	Mark L. Sample	George Mason University	Mark L. Sample, George Mason University	Criminal Code: Procedural Logic and Rhetorical Excess in Videogames	000409	000280	000224	000211	000170	000165	000100	000046	000344	000157	https://dhq.digitalhumanities.org/vol/7/1/000153/000153.html
000154	2013	Jessica Pressman | Lisa Swanstrom	ACLS Fellow | Florida Atlantic University	Jessica Pressman, ACLS Fellow; Lisa Swanstrom, Florida Atlantic University	The Literary And/As the Digital Humanities	000155	000693	000317	000706	000274	000207	000087	000262	000211	000005	https://dhq.digitalhumanities.org/vol/7/1/000154/000154.html
000155	2013	Sandy Baldwin	West Virginia University	Sandy Baldwin, West Virginia University	The Idiocy of the Digital Literary (and what does it have to do with digital humanities)?	000211	000154	000178	000503	000317	000693	000007	000199	000764	000104	https://dhq.digitalhumanities.org/vol/7/1/000155/000155.html
000156	2013	Jacqueline Wernimont	Scripps College	Jacqueline Wernimont, Scripps College	Whence Feminism? Assessing Feminist Interventions in Digital Literary Archives	000227	000202	000327	000428	000216	000414	000536	000734	000178	000404	https://dhq.digitalhumanities.org/vol/7/1/000156/000156.html
000157	2013	Mark C. Marino	University of Southern California	Mark C. Marino, University of Southern California	Code as Ritualized Poetry: The Tactics of the Transborder Immigrant Tool	000706	000049	000700	000512	000211	000224	000690	000510	000153	000075	https://dhq.digitalhumanities.org/vol/7/1/000157/000157.html
000158	2013	Jimmy Butts	Clemson University	Jimmy Butts, Clemson University	A Beautiful Look at Modern Digital Humanities: A review of Mark Goble, Beautiful Circuits: Modernism and the Mediated Life (New York: Columbia University Press, 2010)	000161	000096	000616	000140	000099	000150	000051	000029	000262	000063	https://dhq.digitalhumanities.org/vol/7/2/000158/000158.html
000159	2013	Daniel Price | Rex Koontz | Lauren Lovings	University of Houston | University of Houston | Independent scholar	Daniel Price, University of Houston; Rex Koontz, University of Houston; Lauren Lovings, Independent scholar	Curating Digital Spaces, Making Visual Arguments: A Case Study in New Media Presentations of Ancient Objects	000173	000321	000169	000661	000265	000670	000138	000047	000227	000029	https://dhq.digitalhumanities.org/vol/7/2/000159/000159.html
000160	2013	Trisha Campbell	University of Pittsburgh	Trisha Campbell, University of Pittsburgh	A review of Nathan Ensmenger, The Computer Boys Take Over: Computers, Programmers, and the Politics of Technical Expertise (Cambridge, MA, and London: MIT Press, 2010)	000224	000400	000700	000595	000308	000211	000047	000379	000018	000307	https://dhq.digitalhumanities.org/vol/7/2/000160/000160.html
000161	2013	Cecilia Lindhé	Umeå University	Cecilia Lindhé, Umeå University	"A Visual Sense is Born in the Fingertips": Towards a Digital Ekphrasis	000096	000029	000162	000011	000492	000139	000158	000331	000389	000150	https://dhq.digitalhumanities.org/vol/7/1/000161/000161.html
000162	2013	Manuel Portela	University of Coimbra	Manuel Portela, University of Coimbra	Theoretical Permutations for Reading Cybertexts: A Review of Markku Eskelinen, Cybertext Poetics: The Critical Landscape of New Media Literary Theory and C.T. Funkouser, New Directions in Digital Poetry	000389	000616	000457	000369	000378	000103	000564	000108	000331	000115	https://dhq.digitalhumanities.org/vol/7/3/000162/000162.html
000163	2013	Alex H. Poole	University of North Carolina at Chapel Hill	Alex H. Poole, University of North Carolina at Chapel Hill	Now is the Future Now? The Urgency of Digital Curation in the Digital Humanities	000701	000077	000179	000022	000714	000177	000227	000370	000127	000321	https://dhq.digitalhumanities.org/vol/7/2/000163/000163.html
000164	2013	Adam Crymble | Julia Flanders	Kings College London | Northeastern University	Adam Crymble, Kings College London; Julia Flanders, Northeastern University	FairCite	000025	000350	000014	000111	000012	000192	000088	000070	000665	000428	https://dhq.digitalhumanities.org/vol/7/2/000164/000164.html
000165	2013	Robert Schoenbeck	University of California, Irvine	Robert Schoenbeck, University of California, Irvine	Playing with Chance: On Random Generation in Playable Media and Electronic Literature	000153	000533	000139	000087	000200	000052	000104	000002	000122	000046	https://dhq.digitalhumanities.org/vol/7/3/000165/000165.html
000166	2013	Jennifer Roberts-Smith | Shawn DeSouza-Coelho | Teresa M. Dobson | Sandra Gabriele | Omar Rodriguez-Arenas | Stan Ruecker | Stéfan Sinclair | Annmarie Akong | Matt Bouchard | Marcelo Hong | Diane Jakacki | David Lam | Alexandra Kovacs | Lesley Northam | Daniel So	University of Waterloo | University of Waterloo | University of British Columbia | York University | University of Alberta | Illinois Institute of Technology | McGill University | York University | University of Alberta | York University | Bucknell University | University of Waterloo | University of Toronto | University of Waterloo | York University	Jennifer Roberts-Smith, University of Waterloo; Shawn DeSouza-Coelho, University of Waterloo; Teresa M. Dobson, University of British Columbia; Sandra Gabriele, York University; Omar Rodriguez-Arenas, University of Alberta; Stan Ruecker, Illinois Institute of Technology; Stéfan Sinclair, McGill University; Annmarie Akong, York University; Matt Bouchard, University of Alberta; Marcelo Hong, York University; Diane Jakacki, Bucknell University; David Lam, University of Waterloo; Alexandra Kovacs, University of Toronto; Lesley Northam, University of Waterloo; Daniel So, York University	Visualizing Theatrical Text: From Watching the Script to the Simulated Environment for Theatre (SET)	000337	000067	000169	000709	000173	000313	000372	000507	000184	000265	https://dhq.digitalhumanities.org/vol/7/3/000166/000166.html
000167	2013	Helle Porsdam	University of Copenhagen	Helle Porsdam, University of Copenhagen	Digital Humanities: On Finding the Proper Balance between Qualitative and Quantitative Ways of Doing Research in the Humanities	000134	000127	000077	000177	000074	000311	000112	000095	000119	000193	https://dhq.digitalhumanities.org/vol/7/3/000167/000167.html
000168	2014	Carolyn Strange | Daniel McNamara | Josh Wodak | Ian Wood	Australian National University |  | Australian National University | Research School of Computer Science, Australian National University	Carolyn Strange, Australian National University; Daniel McNamara; Josh Wodak, Australian National University; Ian Wood, Research School of Computer Science, Australian National University	Mining for the Meanings of a Murder: The Impact of OCR Quality on the Use of Digitized Historical Newspapers	000029	000708	000176	000144	000738	000003	000696	000070	000808	000093	https://dhq.digitalhumanities.org/vol/8/1/000168/000168.html
000169	2014	Leen Breure | Maarten Hoogerwerf | René van Horik	Utrecht University & DANS (Dutch Data Archive) | DANS (Dutch Data Archive) | DANS (Dutch Data Archive)	Leen Breure, Utrecht University & DANS (Dutch Data Archive); Maarten Hoogerwerf, DANS (Dutch Data Archive); René van Horik, DANS (Dutch Data Archive)	Xpos’re: A Tool for Rich Internet Publications	000159	000173	000029	000507	000056	000166	000047	000372	000523	000279	https://dhq.digitalhumanities.org/vol/8/2/000169/000169.html
000170	2014	Takafumi Suzuki | Mai Hosoya	Toyo University | Toyo University	Takafumi Suzuki, Toyo University; Mai Hosoya, Toyo University	Computational Stylistic Analysis of Popular Songs of Japanese Female Singer-songwriters	000034	000146	000440	000808	000014	000341	000357	000338	000328	000045	https://dhq.digitalhumanities.org/vol/8/1/000170/000170.html
000171	2014	Shawna Ross	Arizona State University	Shawna Ross, Arizona State University	In Praise of Overstating the Case: A review of Franco Moretti, Distant Reading (London: Verso, 2013)	000140	000317	000341	000108	000188	000197	000203	000005	000178	000097	https://dhq.digitalhumanities.org/vol/8/1/000171/000171.html
000172	2014	James Smithies	University of Canterbury	James Smithies, University of Canterbury	Digital Humanities, Postfoundationalism, Postindustrial Culture	000193	000109	000138	000112	000015	000689	000457	000020	000201	000541	https://dhq.digitalhumanities.org/vol/8/1/000172/000172.html
000173	2014	Annie Murray | Jared Wiercinski	University of Calgary | Concordia University	Annie Murray, University of Calgary; Jared Wiercinski, Concordia University	A Design Methodology for Web-based Sound Archives	000056	000507	000227	000184	000169	000159	000179	000047	000081	000313	https://dhq.digitalhumanities.org/vol/8/2/000173/000173.html
000174	2014	Ashley Reed	University of North Carolina	Ashley Reed, University of North Carolina	Managing an Established Digital Humanities Project: Principles and Practices from the Twentieth Year of the William Blake Archive	000179	000184	000227	000061	000003	000473	000321	000173	000350	000468	https://dhq.digitalhumanities.org/vol/8/1/000174/000174.html
000175	2014	Manuel Portela	University of Coimbra	Manuel Portela, University of Coimbra	Multimodal Editing and Archival Performance: A Diagrammatic Essay on Transcoding Experimental Literature	000227	000061	000327	000174	000144	000059	000003	000455	000053	000469	https://dhq.digitalhumanities.org/vol/8/1/000175/000175.html
000176	2014	Hinke Piersma | Ismee Tames | Lars Buitinck | Johan van Doornik | Maarten Marx	NIOD Institute for War, Holocaust and Genocide Studies | NIOD Institute for War, Holocaust and Genocide Studies | Informatics Institute, University of Amsterdam | Informatics Institute, University of Amsterdam | Informatics Institute, University of Amsterdam	Hinke Piersma, NIOD Institute for War, Holocaust and Genocide Studies; Ismee Tames, NIOD Institute for War, Holocaust and Genocide Studies; Lars Buitinck, Informatics Institute, University of Amsterdam; Johan van Doornik, Informatics Institute, University of Amsterdam; Maarten Marx, Informatics Institute, University of Amsterdam	War in Parliament: What a Digital Approach Can Add to the Study of Parliamentary History	000144	000770	000808	000003	000168	000034	000761	000528	000735	000708	https://dhq.digitalhumanities.org/vol/8/1/000176/000176.html
000177	2014	Erik Shell	University of Maryland	Erik Shell, University of Maryland	A review of Brett D. Hirsch (Ed.)’s Digital Humanities: Pedagogy: Practices, Principles, and Politics	000077	000311	000055	000080	000167	000119	000133	000079	000050	000319	https://dhq.digitalhumanities.org/vol/8/2/000177/000177.html
000178	2014	Sonia Howell | Margaret Kelleher | Aja Teehan | John Keating	University of Notre Dame, USA | University College Dublin (UCD) | National University of Ireland, Maynooth, Ireland | National University of Ireland, Maynooth, Ireland	Sonia Howell, University of Notre Dame, USA; Margaret Kelleher, University College Dublin (UCD); Aja Teehan, National University of Ireland, Maynooth, Ireland; John Keating, National University of Ireland, Maynooth, Ireland	A Digital Humanities Approach to Narrative Voice in The Secret Scripture: Proposing a New Research Method	000454	000864	000387	000703	000500	000075	000197	000275	000323	000071	https://dhq.digitalhumanities.org/vol/8/2/000178/000178.html
000179	2014	Geoffrey Rockwell | Shawn Day | Joyce Yu | Maureen Engel	University of Alberta | University College Cork | University of Alberta | University of Alberta	Geoffrey Rockwell, University of Alberta; Shawn Day, University College Cork; Joyce Yu, University of Alberta; Maureen Engel, University of Alberta	Burying Dead Projects: Depositing the Globalization Compendium	000227	000184	000084	000321	000174	000761	000670	000640	000375	000047	https://dhq.digitalhumanities.org/vol/8/2/000179/000179.html
000180	2014	David Dowling	University of Iowa	David Dowling, University of Iowa	Escaping the Shallows: Deep Reading’s Revival in the Digital Age	000142	000389	000564	000197	000398	000140	000203	000387	000151	000150	https://dhq.digitalhumanities.org/vol/8/2/000180/000180.html
000181	2014	Joel Kalvesmaki	Dumbarton Oaks	Joel Kalvesmaki, Dumbarton Oaks	Canonical References in Electronic Texts: Rationale and Best Practices	000028	000662	000489	000350	000044	000012	000054	000078	000107	000370	https://dhq.digitalhumanities.org/vol/8/2/000181/000181.html
000182	2014	Sean Sturm | Stephen Francis Turner	The University of Auckland | The University of Auckland	Sean Sturm, The University of Auckland; Stephen Francis Turner, The University of Auckland	Digital Caricature	000541	000740	000524	000011	000361	000389	000356	000324	000140	000532	https://dhq.digitalhumanities.org/vol/8/3/000182/000182.html
000183	2014	Martin Mueller	Northwestern University	Martin Mueller, Northwestern University	Shakespeare His Contemporaries: collaborative curation and exploration of Early Modern drama in a digital environment	000012	000323	000286	000263	000227	000041	000097	000237	000648	000093	https://dhq.digitalhumanities.org/vol/8/3/000183/000183.html
000184	2014	Tom J. Lynch	Computer Sciences Corporation	Tom J. Lynch, Computer Sciences Corporation	Social Networks and Archival Context Project: A Case Study of Emerging Cyberinfrastructure	000025	000227	000119	000174	000047	000179	000173	000469	000031	000133	https://dhq.digitalhumanities.org/vol/8/3/000184/000184.html
000185	2014	Jaime Lee Kirtz	University of Colorado	Jaime Lee Kirtz, University of Colorado	Computers, Comics and Cult Status: A Forensics of Digital Graphic Novels	000012	000034	000371	000029	000170	000286	000237	000041	000244	000140	https://dhq.digitalhumanities.org/vol/8/3/000185/000185.html
000186	2015	Tanya Clement	School of Information, University of Texas at Austin	Tanya Clement, School of Information, University of Texas at Austin	An Information Science Question in DH Feminism	000208	000632	000450	000671	000201	000211	000216	000820	000209	000743	https://dhq.digitalhumanities.org/vol/9/2/000186/000186.html
000187	2014	Hilary Havens	University of Tennessee	Hilary Havens, University of Tennessee	Adobe Photoshop and Eighteenth-Century Manuscripts: A New Approach to Digital Paleography	000192	000572	000144	000150	000430	000108	000382	000027	000062	000553	https://dhq.digitalhumanities.org/vol/8/4/000187/000187.html
000188	2014	Peter Johnston	Royal Holloway, University of London	Peter Johnston, Royal Holloway, University of London	J. M. Coetzee's Work in Stylostatistics	000140	000097	000286	000197	000012	000203	000099	000144	000229	000341	https://dhq.digitalhumanities.org/vol/8/3/000188/000188.html
000189	2014	Britt Hoskins	Virginia Tech	Britt Hoskins, Virginia Tech	Before You Read: A Reconstructed Literary History in Reading by Numbers	000434	000382	000317	000099	000044	000140	000150	000283	000128	000616	https://dhq.digitalhumanities.org/vol/8/3/000189/000189.html
000190	2014	Eric Hoyt | Kevin Ponto | Carrie Roy	University of Wisconsin-Madison | University of Wisconsin-Madison | University of Wisconsin-Madison	Eric Hoyt, University of Wisconsin-Madison; Kevin Ponto, University of Wisconsin-Madison; Carrie Roy, University of Wisconsin-Madison	Visualizing and Analyzing the Hollywood Screenplay with ScripThreads	000499	000170	000244	000498	000203	000709	000337	000067	000341	000534	https://dhq.digitalhumanities.org/vol/8/4/000190/000190.html
000191	2014	Adam Heidebrink-Bruno	Independent scholar	Adam Heidebrink-Bruno, Independent scholar	Multiple and Converging Literacies: A Review of Learning the Virtual Life, edited by Peter Trifonas.	000047	000085	000119	000402	000303	000315	000403	000516	000385	000352	https://dhq.digitalhumanities.org/vol/8/3/000191/000191.html
000192	2014	Aaron Mauro	Penn State Erie, The Behrend College	Aaron Mauro, Penn State Erie, The Behrend College	Versioning Loss: Jonathan Safran Foer’s Tree of Codes and the Materiality of Digital Publishing	000144	000150	000187	000572	000350	000389	000428	000108	000362	000455	https://dhq.digitalhumanities.org/vol/8/4/000192/000192.html
000193	2015	Isabel Pinto	Research Centre for Communication and Culture from the Catholic University of Portugal	Isabel Pinto, Research Centre for Communication and Culture from the Catholic University of Portugal	Intermediality and Cultural Assessment: Digital Flows in the Global Age, A Review of Digital Humanities and the Study of Intermediality in Comparative Cultural Studies, edited by Steven Tötösy de Zepetnek. Purdue Scholarly Publishing Services, 2013, 375 pp.	000541	000108	000443	000375	000274	000167	000172	000015	000409	000332	https://dhq.digitalhumanities.org/vol/9/3/000193/000193.html
000194	2014	Dene Grigar	Washington State University Vancouver	Dene Grigar, Washington State University Vancouver	Curating Electronic Literature as Critical and Scholarly Practice	000159	000740	000315	000782	000328	000165	000410	000071	000379	000592	https://dhq.digitalhumanities.org/vol/8/4/000194/000194.html
000195	2014	Michael Gavin	University of South Carolina	Michael Gavin, University of South Carolina	Agent-Based Modeling and Historical Simulation	000026	000400	000105	000534	000502	000604	000244	000300	000263	000458	https://dhq.digitalhumanities.org/vol/8/4/000195/000195.html
000196	2014	David Schloen | Sandra Schloen	University of Chicago | University of Chicago	David Schloen, University of Chicago; Sandra Schloen, University of Chicago	Beyond Gutenberg: Transcending the Document Paradigm in Digital Humanities	000370	000105	000127	000026	000745	000019	000761	000245	000258	000108	https://dhq.digitalhumanities.org/vol/8/4/000196/000196.html
000197	2014	Frédéric Clavert	Université Paris-Sorbonne	Frédéric Clavert, Université Paris-Sorbonne	Reading Today	000140	000108	000128	000178	000317	000382	000281	000203	000447	000564	https://dhq.digitalhumanities.org/vol/8/4/000197/000197.html
000198	2015	Katina Rogers	The Graduate Center, City University of New York	Katina Rogers, The Graduate Center, City University of New York	Humanities Unbound: Supporting Careers and Scholarship Beyond the Tenure Track	000336	000179	000597	000184	000029	000031	000319	000133	000620	000374	https://dhq.digitalhumanities.org/vol/9/1/000198/000198.html
000199	2015	Deena Engel | Marion Thain	Courant Institute of Mathematical Sciences, New York University | New York University	Deena Engel, Courant Institute of Mathematical Sciences, New York University; Marion Thain, New York University	Textual Artifacts and their Digital Representations: Teaching Graduate Students to Build Online Archives	000151	000660	000231	000227	000323	000503	000084	000215	000424	000036	https://dhq.digitalhumanities.org/vol/9/1/000199/000199.html
000200	2015	Elizabeth Losh	University of California, San Diego	Elizabeth Losh, University of California, San Diego	What can the digital humanities learn from feminist game studies?	000760	000119	000628	000216	000808	000165	000134	000022	000863	000528	https://dhq.digitalhumanities.org/vol/9/2/000200/000200.html
000201	2015	Gabrielle Dean	Johns Hopkins University	Gabrielle Dean, Johns Hopkins University	The Shock of the Familiar: Three Timelines about Gender and Technology in the Library	000202	000471	000217	000450	000448	000208	000211	000138	000216	000575	https://dhq.digitalhumanities.org/vol/9/2/000201/000201.html
000202	2015	Constance Crompton | Raymond Siemens | Alyssa Arbuckle | Implementing New Knowledge Environment (INKE)	University of British Columbia, Okanagan | University of Victoria | University of Victoria |	Constance Crompton, University of British Columbia, Okanagan; Raymond Siemens, University of Victoria; Alyssa Arbuckle, University of Victoria; Implementing New Knowledge Environment (INKE)	Enlisting "Vertues Noble & Excelent": Behavior, Credit, and Knowledge Organization in the Social Edition	000209	000112	000217	000233	000201	000216	000019	000618	000156	000820	https://dhq.digitalhumanities.org/vol/9/2/000202/000202.html
000203	2015	Tomas Zahora | Dmitri Nikulin | Constant J. Mews | David Squire	Monash University | Google | Monash University | Monash University	Tomas Zahora, Monash University; Dmitri Nikulin, Google; Constant J. Mews, Monash University; David Squire, Monash University	Deconstructing Bricolage: Interactive Online Analysis of Compiled Texts with Factotum	000356	000140	000687	000341	000012	000190	000323	000313	000075	000229	https://dhq.digitalhumanities.org/vol/9/1/000203/000203.html
000204	2015	Christina Manzo | Geoff Kaufman | Sukdith Punjasthitkul | Mary Flanagan	Simmons College, USA | Tiltfactor Laboratory, Dartmouth College, USA | Tiltfactor Laboratory, Dartmouth College, USA | Tiltfactor Laboratory, Dartmouth College, USA	Christina Manzo, Simmons College, USA; Geoff Kaufman, Tiltfactor Laboratory, Dartmouth College, USA; Sukdith Punjasthitkul, Tiltfactor Laboratory, Dartmouth College, USA; Mary Flanagan, Tiltfactor Laboratory, Dartmouth College, USA	"By the People, For the People": Assessing the Value of Crowdsourced, User-Generated Metadata	000129	000270	000215	000227	000089	000199	000125	000163	000323	000019	https://dhq.digitalhumanities.org/vol/9/1/000204/000204.html
000205	2015	Mitchell Whitelaw	University of Canberra, Australia	Mitchell Whitelaw, University of Canberra, Australia	Generous Interfaces for Digital Cultural Collections	000819	000227	000173	000067	000281	000166	000265	000337	000356	000275	https://dhq.digitalhumanities.org/vol/9/1/000205/000205.html
000206	2015	Adam Crymble	University of Hertfordshire, United Kingdom	Adam Crymble, University of Hertfordshire, United Kingdom	Does your historical collection need a database-driven website?	000227	000034	000355	000318	000772	000625	000640	000003	000819	000468	https://dhq.digitalhumanities.org/vol/9/1/000206/000206.html
000207	2015	Shawna Ross	Arizona State University	Shawna Ross, Arizona State University	Close Rereading: A review of Jessica Pressman, Digital Modernism: Making It New in New Media (Oxford: Oxford UP, 2014)	000017	000005	000616	000140	000099	000162	000193	000108	000087	000046	https://dhq.digitalhumanities.org/vol/9/1/000207/000207.html
000208	2015	Roopika Risam	Salem State University	Roopika Risam, Salem State University	Beyond the Margins: Intersectionality and the Digital Humanities	000186	000632	000209	000211	000216	000202	000636	000633	000644	000743	https://dhq.digitalhumanities.org/vol/9/2/000208/000208.html
000209	2015	Moya Bailey	Northeastern University	Moya Bailey, Northeastern University	#transform(ing)DH Writing and Research: An Autoethnography of Digital Humanities and Feminist Ethics	000202	000217	000233	000645	000211	000216	000633	000208	000112	000820	https://dhq.digitalhumanities.org/vol/9/2/000209/000209.html
000210	2015	Roger Todd Whitson | Anastasia Salter	Washington State University | University of Central Florida	Roger Todd Whitson, Washington State University; Anastasia Salter, University of Central Florida	Introduction: Comics and the Digital Humanities	000619	000091	000212	000234	000254	000218	000202	000089	000214	000297	https://dhq.digitalhumanities.org/vol/9/4/000210/000210.html
000211	2015	Nicole Starosielski	New York University	Nicole Starosielski, New York University	Orientation: "Man and His Tool, Again?"	000216	000404	000208	000043	000209	000351	000645	000448	000450	000760	https://dhq.digitalhumanities.org/vol/9/2/000211/000211.html
000212	2015	Aaron Jacob Kashtan	Miami University	Aaron Jacob Kashtan, Miami University	Materiality Comics	000214	000150	000230	000139	000122	000088	000011	000308	000234	000052	https://dhq.digitalhumanities.org/vol/9/4/000212/000212.html
000213	2015	Alix Keener	University of Michigan	Alix Keener, University of Michigan	The Arrival Fallacy: Collaborative Research Relationships in the Digital Humanities	000628	000701	000336	000134	000177	000055	000112	000022	000127	000184	https://dhq.digitalhumanities.org/vol/9/2/000213/000213.html
000214	2015	Aaron Scott Humphrey	University of Adelaide	Aaron Scott Humphrey, University of Adelaide	Multimodal Authoring and Authority in Educational Comics: Introducing Derrida and Foucault for Beginners	000212	000230	000225	000234	000139	000218	000340	000193	000455	000030	https://dhq.digitalhumanities.org/vol/9/4/000214/000214.html
000215	2015	Nabeel Siddiqui	College of William and Mary	Nabeel Siddiqui, College of William and Mary	Data Assemblages: A Call to Conceptualize Materiality in the Academic Ecosystem	000471	000054	000320	000035	000151	000199	000306	000319	000304	000669	https://dhq.digitalhumanities.org/vol/9/2/000215/000215.html
000216	2015	Jamie “Skye” Bianco	New York University	Jamie “Skye” Bianco, New York University	Man and His Tool, Again? Queer and Feminist Notes on Practices in the Digital Humanities and Object Orientations Everywhere	000211	000209	000208	000404	000043	000202	000633	000632	000743	000314	https://dhq.digitalhumanities.org/vol/9/2/000216/000216.html
000217	2015	Jacqueline Wernimont	Arizona State University	Jacqueline Wernimont, Arizona State University	Introduction to Feminisms and DH special issue	000209	000202	000112	000706	000450	000473	000645	000633	000208	000201	https://dhq.digitalhumanities.org/vol/9/2/000217/000217.html
000218	2015	B.J. Parker	Baylor University	B.J. Parker, Baylor University	Graphic Images of YHWH: Exploring and Exploding the Bounds of Sexual Objectification in Ezekiel 16	000225	000234	000212	000214	000686	000137	000052	000619	000359	000139	https://dhq.digitalhumanities.org/vol/9/4/000218/000218.html
000219	2015	Luke Fernandez	Weber State University	Luke Fernandez, Weber State University	Studying Up: A Review of Alice Marwick’s Status Update	000484	000049	000209	000034	000685	000217	000112	000512	000023	000202	https://dhq.digitalhumanities.org/vol/9/2/000219/000219.html
000220	2015	Alan Bilansky	University of Illinois, Urbana-Champaign	Alan Bilansky, University of Illinois, Urbana-Champaign	TypeWright: An Experiment in Participatory Curation	000227	000546	000071	000372	000323	000184	000470	000288	000025	000029	https://dhq.digitalhumanities.org/vol/9/4/000220/000220.html
000221	2015	Isabel Galina Russell	Instituto de Investigaciones Bibliotecológicas, Universidad Nacional Autónoma de México (UNAM)	Isabel Galina Russell, Instituto de Investigaciones Bibliotecológicas, Universidad Nacional Autónoma de México (UNAM)	Creating a regional DH community – A Case Study of the RedHD	000312	000591	000453	000323	000365	000352	000355	000314	000631	000393	https://dhq.digitalhumanities.org/vol/9/3/000221/000221.html
000222	2015	David M. Berry | Erik Borra | Anne Helmond | Jean-Christophe Plantin | Jill Walker Rettberg	University of Sussex | University of Amsterdam | University of Amsterdam | London School of Economics and Political Science | University of Bergen	David M. Berry, University of Sussex; Erik Borra, University of Amsterdam; Anne Helmond, University of Amsterdam; Jean-Christophe Plantin, London School of Economics and Political Science; Jill Walker Rettberg, University of Bergen	The Data Sprint Approach: Exploring the field of Digital Humanities through Amazon’s Application Programming Interface	000029	000715	000734	000473	000600	000025	000709	000670	000509	000224	https://dhq.digitalhumanities.org/vol/9/3/000222/000222.html
000223	2015	Cameron Blevins | Lincoln Mullen	Rutgers University | George Mason University	Cameron Blevins, Rutgers University; Lincoln Mullen, George Mason University	Jane, John … Leslie? A Historical Method for Algorithmic Gender Prediction	000377	000043	000448	000738	000044	000622	000808	000045	000042	000333	https://dhq.digitalhumanities.org/vol/9/3/000223/000223.html
000224	2015	Michael L. Black	University of Massachusetts Lowell	Michael L. Black, University of Massachusetts Lowell	A Textual History of Mozilla: Using Topic Modeling to Trace Sociocultural Influences on Software Development	000160	000222	000140	000684	000700	000271	000197	000333	000157	000029	https://dhq.digitalhumanities.org/vol/9/3/000224/000224.html
000225	2015	Robert Dennis Watkins | Tom Lindsley	Idaho State University | Interaction Designer, Workiva	Robert Dennis Watkins, Idaho State University; Tom Lindsley, Interaction Designer, Workiva	Sequential Rhetoric: Using Freire and Quintilian to Teach Students to Read and Create Comics	000214	000230	000218	000390	000356	000557	000494	000193	000234	000203	https://dhq.digitalhumanities.org/vol/9/4/000225/000225.html
000226	2016	Kevin G. Smith	Northeastern University	Kevin G. Smith, Northeastern University	A Writing Studies Review of Jim Ridolfo and William Hart-Davidson, editors, Rhetoric and the Digital Humanities	000232	000193	000557	000225	000077	000167	000047	000177	000394	000403	https://dhq.digitalhumanities.org/vol/10/1/000226/000226.html
000227	2015	Tom Schofield | David Kirk | Telmo Amaral | Marian Dörk | Mitchell Whitelaw | Guy Schofield | Thomas Ploetz	Culture Lab, Newcastle University | Digital Interactions Group, Newcastle University | Digital Interactions Group, Newcastle University | Potsdam University of Applied Sciences, Institute for Urban Futures | Faculty of Arts and Design, University of Canberra | Digital Interactions Group, Newcastle University | Digital Interactions Group, Newcastle University	Tom Schofield, Culture Lab, Newcastle University; David Kirk, Digital Interactions Group, Newcastle University; Telmo Amaral, Digital Interactions Group, Newcastle University; Marian Dörk, Potsdam University of Applied Sciences, Institute for Urban Futures; Mitchell Whitelaw, Faculty of Arts and Design, University of Canberra; Guy Schofield, Digital Interactions Group, Newcastle University; Thomas Ploetz, Digital Interactions Group, Newcastle University	Archival Liveness: Designing with Collections Before and During Cataloguing and Digitization	000327	000179	000151	000184	000084	000206	000414	000205	000173	000491	https://dhq.digitalhumanities.org/vol/9/3/000227/000227.html
000228	2016	Stefania Forlini | Uta Hinrichs | Bridget Moynihan	University of Calgary | University of St. Andrews | University of Calgary	Stefania Forlini, University of Calgary; Uta Hinrichs, University of St. Andrews; Bridget Moynihan, University of Calgary	The Stuff of Science Fiction: An Experiment in Literary History	000259	000046	000547	000289	000341	000151	000414	000146	000142	000266	https://dhq.digitalhumanities.org/vol/10/1/000228/000228.html
000229	2016	Douglas Ernest Duhaime	University of Notre Dame	Douglas Ernest Duhaime, University of Notre Dame	Textual Reuse in the Eighteenth Century: Mining Eliza Haywood’s Quotations	000295	000012	000286	000203	000341	000687	000188	000323	000140	000190	https://dhq.digitalhumanities.org/vol/10/1/000229/000229.html
000230	2015	Jason Muir Helms	Texas Christian University	Jason Muir Helms, Texas Christian University	Is this Article a Comic?	000214	000212	000139	000225	000280	000011	000015	000088	000340	000185	https://dhq.digitalhumanities.org/vol/9/4/000230/000230.html
000231	2016	Jeffrey Charles Witt	Loyola University Maryland	Jeffrey Charles Witt, Loyola University Maryland	The Sentences Commentary Text Archive: Laying the Foundation for the Analysis, Use, and Reuse of a Tradition	000424	000455	000061	000199	000052	000088	000144	000184	000150	000323	https://dhq.digitalhumanities.org/vol/10/1/000231/000231.html
000232	2016	Alan Bilansky	University of Illinois at Urbana-Champaign	Alan Bilansky, University of Illinois at Urbana-Champaign	A Digital Humanist-Informatician Review of Jim Ridolfo and William Hart-Davidson, editors, Rhetoric and the Digital Humanities	000311	000274	000177	000226	000167	000436	000239	000119	000193	000077	https://dhq.digitalhumanities.org/vol/10/1/000232/000232.html
000233	2016	Katrina Anderson | Lindsey Bannister | Janey Dodd | Deanna Fong | Michelle Levy | Lindsey Seatter	Simon Fraser University | Simon Fraser University | University of British Columbia | Simon Fraser University | Simon Fraser University | University of Victoria	Katrina Anderson, Simon Fraser University; Lindsey Bannister, Simon Fraser University; Janey Dodd, University of British Columbia; Deanna Fong, Simon Fraser University; Michelle Levy, Simon Fraser University; Lindsey Seatter, University of Victoria	Student Labour and Training in Digital Humanities	000202	000209	000322	000320	000416	000112	000335	000721	000435	000077	https://dhq.digitalhumanities.org/vol/10/1/000233/000233.html
000234	2015	Nick Sousanis	University of Calgary	Nick Sousanis, University of Calgary	Behind the Scenes of a Dissertation in Comics Form	000218	000212	000214	000494	000372	000011	000678	000560	000056	000290	https://dhq.digitalhumanities.org/vol/9/4/000234/000234.html
000235	2016	Luise Borek | Quinn Dombrowski | Jody Perkins | Christof Schöch	Technical University of Darmstadt | Miami University | Miami University | University of Würzburg	Luise Borek, Technical University of Darmstadt; Quinn Dombrowski, Miami University; Jody Perkins, Miami University; Christof Schöch, University of Würzburg	TaDiRAH: a Case Study in Pragmatic Classification	000121	000461	000193	000108	000233	000029	000701	000638	000159	000401	https://dhq.digitalhumanities.org/vol/10/1/000235/000235.html
000236	2016	Lisa Tweten | Gwynaeth McIntyre | Chelsea Gardner	University of British Columbia | University of British Columbia | University of British Columbia	Lisa Tweten, University of British Columbia; Gwynaeth McIntyre, University of British Columbia; Chelsea Gardner, University of British Columbia	From Stone to Screen: Digital Revitalization of Ancient Epigraphy	000003	000546	000372	000034	000030	000144	000775	000651	000256	000240	https://dhq.digitalhumanities.org/vol/10/1/000236/000236.html
000237	2015	Neil Bernstein | Kyle Gervais | Wei Lin	Ohio University | University of Western Ontario | Ohio University	Neil Bernstein, Ohio University; Kyle Gervais, University of Western Ontario; Wei Lin, Ohio University	Comparative rates of text reuse in classical Latin hexameter poetry	000683	000323	000029	000382	000034	000012	000734	000327	000286	000025	https://dhq.digitalhumanities.org/vol/9/3/000237/000237.html
000238	2016	Renée Farrar	United States Military Academy at West Point	Renée Farrar, United States Military Academy at West Point	Word Processor Art: How "User-friendly" Inhibits Creativity	000081	000409	000173	000275	000159	000507	000356	000019	000122	000169	https://dhq.digitalhumanities.org/vol/10/1/000238/000238.html
000239	2016	John F. Barber	The Creative Media & Digital Culture Program, Washington State University Vancouver	John F. Barber, The Creative Media & Digital Culture Program, Washington State University Vancouver	Sound and Digital Humanities: reflecting on a DHSI course	000232	000274	000311	000543	000177	000119	000557	000167	000336	000193	https://dhq.digitalhumanities.org/vol/10/1/000239/000239.html
000240	2016	Lindsey Eckert | Julia Grandison	Georgia State University | University of Toronto	Lindsey Eckert, Georgia State University; Julia Grandison, University of Toronto	The Almanac Archive: Theorizing Marginalia and "Duplicate" Copies in the Digital Realm	000003	000108	000372	000179	000175	000761	000537	000059	000174	000327	https://dhq.digitalhumanities.org/vol/10/1/000240/000240.html
000241	2016	James O’Sullivan | Mary Galvin | Diane Jakacki	University of Sheffield | University College Cork | Bucknell University	James O’Sullivan, University of Sheffield; Mary Galvin, University College Cork; Diane Jakacki, Bucknell University	Introduction to the Digital Humanities Summer Institute Colloquium Special Issue	000279	000554	000317	000471	000415	000706	000081	000007	000436	000163	https://dhq.digitalhumanities.org/vol/10/1/000241/000241.html
000242	2016	Rosie Graham	University of Birmingham	Rosie Graham, University of Birmingham	From Kindling to Kindles: A Review of Matt Hayler, Challenging the Phenomena of Technology: Embodiment, Expertise and Evolved Knowledge (Basingstoke: Palgrave Macmillan, 2015)	000049	000356	000373	000389	000457	000282	000564	000277	000120	000256	https://dhq.digitalhumanities.org/vol/10/2/000242/000242.html
000243	2016	Kevin Lewis	Virginia Tech	Kevin Lewis, Virginia Tech	A Review of "Memes in Digital Culture"	000271	000280	000356	000248	000639	000564	000282	000361	000118	000344	https://dhq.digitalhumanities.org/vol/10/2/000243/000243.html
000244	2016	Christopher N. Warren | Daniel Shore | Jessica Otis | Lawrence Wang | Mike Finegold | Cosma Shalizi	Carnegie Mellon University | Georgetown University | Carnegie Mellon University | Carnegie Mellon University | Carnegie Mellon University | Carnegie Mellon University	Christopher N. Warren, Carnegie Mellon University; Daniel Shore, Georgetown University; Jessica Otis, Carnegie Mellon University; Lawrence Wang, Carnegie Mellon University; Mike Finegold, Carnegie Mellon University; Cosma Shalizi, Carnegie Mellon University	Six Degrees of Francis Bacon: A Statistical Method for Reconstructing Large Historical Social Networks	000263	000026	000097	000400	000289	000770	000415	000296	000300	000604	https://dhq.digitalhumanities.org/vol/10/3/000244/000244.html
000245	2016	Monica Berti | Bridget Almas | Gregory R. Crane	University of Leipzig | Tufts University | Tufts University and University of Leipzig	Monica Berti, University of Leipzig; Bridget Almas, Tufts University; Gregory R. Crane, Tufts University and University of Leipzig	The Leipzig Open Fragmentary Texts Series (LOFTS)	000350	000196	000029	000593	000424	000025	000028	000430	000447	000030	https://dhq.digitalhumanities.org/vol/10/2/000245/000245.html
000246	2016	Anna Foka | Viktor Arvidsson	Umeå University | Swedish Center for Digital Innovation. Department of Informatics, University of Oslo	Anna Foka, Umeå University; Viktor Arvidsson, Swedish Center for Digital Innovation. Department of Informatics, University of Oslo	Experiential Analogies: A Sonic Digital Ekphrasis as a Digital Humanities Project	000396	000395	000482	000146	000710	000252	000024	000250	000385	000030	https://dhq.digitalhumanities.org/vol/10/2/000246/000246.html
000247	2016	Caroline T Schroeder | Amir Zeldes	University of the Pacific | Georgetown University	Caroline T Schroeder, University of the Pacific; Amir Zeldes, Georgetown University	Raiders of the Lost Corpus	000538	000447	000030	000683	000197	000495	000382	000025	000649	000676	https://dhq.digitalhumanities.org/vol/10/2/000247/000247.html
000248	2016	Johanna Drucker | Patrik BO Svensson	UC Los Angeles | Umeå University	Johanna Drucker, UC Los Angeles; Patrik BO Svensson, Umeå University	The Why and How of Middleware	000304	000081	000206	000227	000356	000819	000136	000310	000265	000668	https://dhq.digitalhumanities.org/vol/10/2/000248/000248.html
000249	2016	Jeffrey Rydberg-Cox	The University of Missouri-Kansas City	Jeffrey Rydberg-Cox, The University of Missouri-Kansas City	Toward an Open Digital Tutorial for Ancient Greek v. 2.0	000323	000683	000563	000029	000309	000247	000253	000660	000330	000358	https://dhq.digitalhumanities.org/vol/10/2/000249/000249.html
000250	2016	Matthew L. Jockers	University of Nebraska	Matthew L. Jockers, University of Nebraska	The Ancient World in Nineteenth-Century Fiction; or, Correlating Theme, Geography, and Sentiment in the Nineteenth Century Literary Imagination	000291	000259	000104	000170	000005	000263	000237	000244	000296	000266	https://dhq.digitalhumanities.org/vol/10/2/000250/000250.html
000251	2016	Francesco Mambrini	Deutsches Archäologisches Institut, Berlin	Francesco Mambrini, Deutsches Archäologisches Institut, Berlin	Treebanking in the world of Thucydides. Linguistic annotation for the Hellespont Project	000030	000023	000729	000683	000247	000033	000034	000538	000720	000012	https://dhq.digitalhumanities.org/vol/10/2/000251/000251.html
000252	2016	Rebecca K. Schindler	DePauw University	Rebecca K. Schindler, DePauw University	Teaching Spatial Literacy in the Classical Studies Curriculum	000385	000024	000294	000249	000386	000383	000141	000116	000531	000744	https://dhq.digitalhumanities.org/vol/10/2/000252/000252.html
000253	2016	Neil Coffee | Neil W. Bernstein	University at Buffalo | Ohio University	Neil Coffee, University at Buffalo; Neil W. Bernstein, Ohio University	Digital Methods and Classical Studies	000023	000196	000311	000274	000029	000546	000531	000232	000211	000847	https://dhq.digitalhumanities.org/vol/10/2/000253/000253.html
000254	2016	Tanya E. Clement	University of Texas at Austin	Tanya E. Clement, University of Texas at Austin	Towards a Rationale of Audio-Text	000089	000541	000052	000231	000424	000542	000573	000543	000056	000355	https://dhq.digitalhumanities.org/vol/10/3/000254/000254.html
000255	2016	Matteo Romanello	Deutsches Archäologisches Institut, Berlin / École Polytechnique Fédérale de Lausanne	Matteo Romanello, Deutsches Archäologisches Institut, Berlin / École Polytechnique Fédérale de Lausanne	Exploring Citation Networks to Study Intertextuality in Classics	000034	000350	000023	000716	000028	000035	000710	000033	000024	000475	https://dhq.digitalhumanities.org/vol/10/2/000255/000255.html
000256	2016	Niels Brügger	The Centre for Internet Studies, and NetLab Aarhus University	Niels Brügger, The Centre for Internet Studies, and NetLab Aarhus University	Digital Humanities in the 21st Century: Digital Material as a Driving Force	000109	000318	000120	000411	000196	000462	000372	000121	000206	000049	https://dhq.digitalhumanities.org/vol/10/3/000256/000256.html
000257	2016	Claire Clivaz	Swiss Institute of Bioinformatics	Claire Clivaz, Swiss Institute of Bioinformatics	Covers and Corpus wanted! Some Digital Humanities Fragments	000140	000382	000029	000502	000398	000138	000197	000097	000741	000456	https://dhq.digitalhumanities.org/vol/10/3/000257/000257.html
000258	2016	Arianna Ciula | Cristina Marras	University of Roehampton | Istituto per il Lessico Intellettuale Europeo e Storia delle Idee, Consiglio Nazionale delle Ricerche	Arianna Ciula, University of Roehampton; Cristina Marras, Istituto per il Lessico Intellettuale Europeo e Storia delle Idee, Consiglio Nazionale delle Ricerche	Circling around texts and language: towards pragmatic modelling in Digital Humanities	000701	000196	000464	000133	000751	000134	000454	000193	000747	000022	https://dhq.digitalhumanities.org/vol/10/3/000258/000258.html
000259	2016	Adam James Bradley | Travis Kirton | Mark Hancock | Sheelagh Carpendale	University of Waterloo | University of Calgary | University of Waterloo | University of Calgary	Adam James Bradley, University of Waterloo; Travis Kirton, University of Calgary; Mark Hancock, University of Waterloo; Sheelagh Carpendale, University of Calgary	Language DNA: Visualizing a Language Decomposition	000341	000266	000183	000093	000332	000250	000289	000461	000623	000067	https://dhq.digitalhumanities.org/vol/10/4/000259/000259.html
000260	2016	Stan Ruecker	IIT Institute of Design	Stan Ruecker, IIT Institute of Design	How do we get to the Humanitarium from here?	000598	000163	000299	000632	000777	000172	000167	000680	000575	000138	https://dhq.digitalhumanities.org/vol/10/3/000260/000260.html
000261	2016	Julianne Nyhan	UCL	Julianne Nyhan, UCL	It is time to address the Public Communication of DH	000167	000133	000134	000193	000080	000177	000127	000213	000022	000760	https://dhq.digitalhumanities.org/vol/10/3/000261/000261.html
000262	2016	Stuart Dunn | Mareike Schumacher	King’s College London | Hamburg University	Stuart Dunn, King’s College London; Mareike Schumacher, Hamburg University	Explaining Events to Computers: Critical Quantification, Multiplicity and Narratives in Cultural Heritage	000197	000097	000077	000140	000099	000274	000622	000188	000163	000193	https://dhq.digitalhumanities.org/vol/10/3/000262/000262.html
000263	2016	Maarten van den Bos | Hermione Giffard	Utrecht University | Utrecht University	Maarten van den Bos, Utrecht University; Hermione Giffard, Utrecht University	Mining Public Discourse for Emerging Dutch Nationalism	000244	000273	000676	000649	000338	000042	000808	000343	000730	000300	https://dhq.digitalhumanities.org/vol/10/3/000263/000263.html
000264	2016	Elyse Graham	SUNY Stony Brook	Elyse Graham, SUNY Stony Brook	The Printing Press as Metaphor	000120	000248	000257	000140	000785	000356	000203	000243	000361	000680	https://dhq.digitalhumanities.org/vol/10/3/000264/000264.html
000265	2016	Suzan Verberne | Lou Boves | Antal van den Bosch	Radboud University | Radboud University | Radboud University	Suzan Verberne, Radboud University; Lou Boves, Radboud University; Antal van den Bosch, Radboud University	Information access in the art history domain: Evaluating a federated search engine for Rembrandt research	000372	000227	000275	000819	000405	000159	000056	000337	000281	000166	https://dhq.digitalhumanities.org/vol/10/4/000265/000265.html
000266	2016	Jim Egan	Brown University	Jim Egan, Brown University	Literary Data Mining: A review of Matthew Jockers, Macroanalysis: Digital Methods and Literary History (Urbana: University of Illinois Press, 2013).	000341	000289	000250	000332	000259	000135	000067	000623	000229	000144	https://dhq.digitalhumanities.org/vol/10/3/000266/000266.html
000267	2016	Brett Oppegaard | Michael Rabby	University of Hawaii | Washington State University Vancouver	Brett Oppegaard, University of Hawaii; Michael Rabby, Washington State University Vancouver	The App-Maker Model: An Embodied Expansion of Mobile Cyberinfrastructure	000121	000081	000233	000079	000322	000311	000260	000334	000407	000177	https://dhq.digitalhumanities.org/vol/10/3/000267/000267.html
000268	2016	Hannah Alpert-Abrams	University of Texas at Austin	Hannah Alpert-Abrams, University of Texas at Austin	Machine Reading the Primeros Libros	000108	000180	000034	000388	000313	000377	000546	000436	000708	000015	https://dhq.digitalhumanities.org/vol/10/4/000268/000268.html
000269	2016	Miguel Escobar Varela	National University of Singapore	Miguel Escobar Varela, National University of Singapore	The Archive as Repertoire: Transience and Sustainability in Digital Archives	000625	000462	000755	000318	000219	000640	000076	000173	000328	000536	https://dhq.digitalhumanities.org/vol/10/4/000269/000269.html
000270	2016	Adam Crymble	University of Hertfordshire	Adam Crymble, University of Hertfordshire	Digital library search preferences amongst historians and genealogists: British History Online user survey	000355	000538	000204	000003	000116	000679	000213	000568	000265	000471	https://dhq.digitalhumanities.org/vol/10/4/000270/000270.html
000271	2016	Nicholas M Van Horn | Aaron Beveridge | Sean Morey	Capital University | University of Florida | University of Tennessee, Knoxville	Nicholas M Van Horn, Capital University; Aaron Beveridge, University of Florida; Sean Morey, University of Tennessee, Knoxville	Attention Ecology: Trend Circulation and the Virality Threshold	000280	000243	000224	000361	000153	000093	000096	000298	000045	000190	https://dhq.digitalhumanities.org/vol/10/4/000271/000271.html
000272	2016	Pieter François | J.G. Manning | Harvey Whitehouse | Rob Brennan | Thomas Currie | Kevin Feeney | Peter Turchin	University of Hertfordshire, University of Oxford | Yale University | University of Oxford | Trinity College Dublin | University of Exeter, Penryn Campus | Trinity College Dublin | University of Connecticut	Pieter François, University of Hertfordshire, University of Oxford; J.G. Manning, Yale University; Harvey Whitehouse, University of Oxford; Rob Brennan, Trinity College Dublin; Thomas Currie, University of Exeter, Penryn Campus; Kevin Feeney, Trinity College Dublin; Peter Turchin, University of Connecticut	A Macroscope for Global History: Seshat Global History Databank, a methodological overview	000538	000523	000447	000355	000227	000059	000381	000515	000333	000595	https://dhq.digitalhumanities.org/vol/10/4/000272/000272.html
000273	2016	Timothy Messer-Kruse	Bowling Green State University	Timothy Messer-Kruse, Bowling Green State University	Racial Proxies in Daily News: A Case Study of the Use of Directional Euphemisms	000770	000263	000337	000467	000614	000676	000031	000808	000513	000338	https://dhq.digitalhumanities.org/vol/10/4/000273/000273.html
000274	2016	Elizabeth Polcha	Northeastern University	Elizabeth Polcha, Northeastern University	Pedagogical Entryways into Digital Humanities: A Review of Linda K. Hughes and Sarah R. Robbins’ Teaching Transatlanticism (Edinburgh University Press, 2015)	000193	000232	000239	000311	000177	000443	000167	000077	000147	000262	https://dhq.digitalhumanities.org/vol/11/1/000274/000274.html
000275	2016	Tina Budzise-Weaver	Texas A&M University	Tina Budzise-Weaver, Texas A&M University	Developing a Qualitative Coding Analysis of Visual Artwork for Humanities Research	000265	000510	000178	000337	000166	000486	000372	000056	000159	000075	https://dhq.digitalhumanities.org/vol/10/4/000275/000275.html
000276	2016	Kevin L. Ferguson	Queens College / CUNY	Kevin L. Ferguson, Queens College / CUNY	Digital Surrealism: Visualizing Walt Disney Animation Studios	000275	000280	000052	000159	000541	000379	000122	000332	000011	000193	https://dhq.digitalhumanities.org/vol/11/1/000276/000276.html
000277	2016	Henriette Roued-Cunliffe	University of Copenhagen	Henriette Roued-Cunliffe, University of Copenhagen	The Digital Future of Humanities through the Lens of DIY Culture	000464	000133	000193	000134	000022	000760	000232	000109	000701	000418	https://dhq.digitalhumanities.org/vol/10/4/000277/000277.html
000278	2016	Erik Kenneth Shell	University of California Los Angeles	Erik Kenneth Shell, University of California Los Angeles	Complex Modeling and You: A Review of Would-Be Worlds by John L. Casti (New York: John Wiley & Sons, 1997)	000415	000400	000015	000119	000049	000395	000196	000072	000685	000068	https://dhq.digitalhumanities.org/vol/10/4/000278/000278.html
000279	2017	John Bradley | Michele Pasin	King's College London | Springer Nature	John Bradley, King's College London; Michele Pasin, Springer Nature	Fitting Personal Interpretation with the Semantic Web: lessons learned from Pliny	000538	000173	000056	000469	000507	000523	000620	000515	000178	000404	https://dhq.digitalhumanities.org/vol/11/1/000279/000279.html
000280	2016	Dan Faltesek	Oregon State University	Dan Faltesek, Oregon State University	Obama’s Sixth Annual Address: Image, Affordance, Flow	000332	000271	000243	000170	000153	000230	000276	000361	000298	000263	https://dhq.digitalhumanities.org/vol/10/4/000280/000280.html
000281	2016	Yuta Hashimoto | Yoichi Iikura | Yukio Hisada | SungKook Kang | Tomoyo Arisawa | Daniel Kobayashi-Better	Kyoto University | Osaka University | Osaka University | Osaka University | Osaka University | Osaka University	Yuta Hashimoto, Kyoto University; Yoichi Iikura, Osaka University; Yukio Hisada, Osaka University; SungKook Kang, Osaka University; Tomoyo Arisawa, Osaka University; Daniel Kobayashi-Better, Osaka University	The Kuzushiji Project: Developing a Mobile Learning Application for Reading Early Modern Japanese Texts	000128	000227	000314	000538	000338	000355	000265	000300	000819	000433	https://dhq.digitalhumanities.org/vol/11/1/000281/000281.html
000282	2016	Jonathan Blaney | Judith Siefring	Institute of Historical Research, University of London | Bodleian Libraries, University of Oxford	Jonathan Blaney, Institute of Historical Research, University of London; Judith Siefring, Bodleian Libraries, University of Oxford	A Culture of non-citation: Assessing the digital impact of British History Online and the Early English Books Online Text Creation Partnership	000011	000361	000121	000356	000389	000243	000373	000120	000564	000271	https://dhq.digitalhumanities.org/vol/11/1/000282/000282.html
000283	2016	Patricia Murrieta-Flores | Christopher Donaldson | Ian Gregory	Digital Humanities Research Centre, University of Chester | History Department, Lancaster University | History Department, Lancaster University	Patricia Murrieta-Flores, Digital Humanities Research Centre, University of Chester; Christopher Donaldson, History Department, Lancaster University; Ian Gregory, History Department, Lancaster University	GIS and Literary History: Advancing Digital Humanities research through the Spatial Analysis of historical travel writing and topographical literature	000442	000434	000097	000009	000189	000044	000490	000382	000116	000679	https://dhq.digitalhumanities.org/vol/11/1/000283/000283.html
000284	2017	Edin Tabak	University of Zenica	Edin Tabak, University of Zenica	A Hybrid Model for Managing DH Projects	000232	000029	000086	000039	000014	000329	000186	000459	000662	000411	https://dhq.digitalhumanities.org/vol/11/1/000284/000284.html
000285	2017	Gérald Péoux | Jean-Roch Houllier	Université Paris Ouest Nanterre La Défense & Institut d'Histoire Moderne et Contemporaine (CNRS) | Thales University	Gérald Péoux, Université Paris Ouest Nanterre La Défense & Institut d'Histoire Moderne et Contemporaine (CNRS); Jean-Roch Houllier, Thales University	To Visualize Past Communities: A Solution from Contemporary Practices in the Industry for the Digital Humanities	000337	000146	000467	000108	000469	000031	000294	000290	000057	000510	https://dhq.digitalhumanities.org/vol/11/2/000285/000285.html
000286	2017	Simon Fuller | James O'Sullivan	National University of Ireland, Maynooth | University of Sheffield	Simon Fuller, National University of Ireland, Maynooth; James O'Sullivan, University of Sheffield	Structure over Style: Collaborative Authorship and the Revival of Literary Capitalism	000012	000183	000323	000237	000229	000203	000044	000341	000188	000687	https://dhq.digitalhumanities.org/vol/11/1/000286/000286.html
000287	2017	Thea Pitman | Claire Taylor	University of Leeds | University of Liverpool	Thea Pitman, University of Leeds; Claire Taylor, University of Liverpool	Where’s the ML in DH? And Where’s the DH in ML? The Relationship between Modern Languages and Digital Humanities, and an Argument for a Critical DHML	000112	000808	000023	000820	000167	000418	000095	000193	000134	000163	https://dhq.digitalhumanities.org/vol/11/1/000287/000287.html
000288	2017	Uwe Springmann | Anke Lüdeling	LMU Munich & Humboldt-Universität zu Berlin | Humboldt-Universität zu Berlin	Uwe Springmann, LMU Munich & Humboldt-Universität zu Berlin; Anke Lüdeling, Humboldt-Universität zu Berlin	OCR of historical printings with an application to building diachronic corpora: A case study using the RIDGES herbal corpus	000294	000661	000004	000667	000108	000029	000220	000631	000718	000483	https://dhq.digitalhumanities.org/vol/11/2/000288/000288.html
000289	2017	James Lee | Jason Lee	University of Cincinnati | Independent Scholar	James Lee, University of Cincinnati; Jason Lee, Independent Scholar	Shakespeare’s Tragic Social Network; or Why All the World’s a Stage	000244	000300	000250	000093	000097	000341	000332	000562	000266	000190	https://dhq.digitalhumanities.org/vol/11/2/000289/000289.html
000290	2017	Katrin Glinka | Christopher Pietsch | Marian Dörk	University of Applied Sciences Potsdam | University of Applied Sciences Potsdam | University of Applied Sciences Potsdam	Katrin Glinka, University of Applied Sciences Potsdam; Christopher Pietsch, University of Applied Sciences Potsdam; Marian Dörk, University of Applied Sciences Potsdam	Past Visions and Reconciling Views: Visualizing Time, Texture and Themes in Cultural Collections	000592	000320	000819	000265	000384	000620	000179	000414	000227	000084	https://dhq.digitalhumanities.org/vol/11/2/000290/000290.html
000291	2017	Christof Schöch	University of Würzburg, Germany	Christof Schöch, University of Würzburg, Germany	Topic Modeling Genre: An Exploration of French Classical and Enlightenment Drama	000250	000343	000342	000357	000300	000263	000328	000440	000289	000104	https://dhq.digitalhumanities.org/vol/11/2/000291/000291.html
000292	2017	Federico Nanni	University of Mannheim	Federico Nanni, University of Mannheim	Reconstructing a website’s lost past Methodological issues concerning the history of Unibo.it	000373	000668	000819	000026	000120	000205	000242	000484	000282	000256	https://dhq.digitalhumanities.org/vol/11/2/000292/000292.html
000293	2017	Peter Robinson	University of Saskatchewan	Peter Robinson, University of Saskatchewan	Some principles for making collaborative scholarly editions in digital form	000424	000494	000231	000864	000430	000491	000454	000315	000536	000350	https://dhq.digitalhumanities.org/vol/11/2/000293/000293.html
000294	2017	Daniele Salvoldi	Dahlem Research School, Freie Universität Berlin	Daniele Salvoldi, Dahlem Research School, Freie Universität Berlin	A Historical Geographic Information System (HGIS) of Nubia Based on the William J. Bankes Archive (1815-1822)	000467	000415	000679	000482	000661	000452	000004	000288	000057	000031	https://dhq.digitalhumanities.org/vol/11/2/000294/000294.html
000295	2017	Francesca Frontini | Mohamed Amine Boukhaled | Jean-Gabriel Ganascia	Université Paul-Valéry Montpellier 3 - Praxiling UMR 5267 CNRS - UPVM3 | Laboratoire d'Informatique de Paris 6 (LIP6 UPMC) / Labex OBVIL | Laboratoire d'Informatique de Paris 6 (LIP6 UPMC) / Labex OBVIL	Francesca Frontini, Université Paul-Valéry Montpellier 3 - Praxiling UMR 5267 CNRS - UPVM3; Mohamed Amine Boukhaled, Laboratoire d'Informatique de Paris 6 (LIP6 UPMC) / Labex OBVIL; Jean-Gabriel Ganascia, Laboratoire d'Informatique de Paris 6 (LIP6 UPMC) / Labex OBVIL	Mining for characterising patterns in literature using correspondence analysis: an experiment on French novels	000341	000300	000012	000323	000229	000203	000286	000170	000687	000188	https://dhq.digitalhumanities.org/vol/11/2/000295/000295.html
000296	2017	Patrick Jähnichen | Patrick Oesterling | Gerhard Heyer | Tom Liebmann | Gerik Scheuermann | Christoph Kuras	Machine Learning Group, Humboldt-Universität zu Berlin | Image and Signal Processing Group, Leipzig University, Germany | Natural Language Processing Group, Leipzig University, Germany | Image and Signal Processing Group, Leipzig University, Germany | Image and Signal Processing Group, Leipzig University, Germany | Natural Language Processing Group, Leipzig University, Germany	Patrick Jähnichen, Machine Learning Group, Humboldt-Universität zu Berlin; Patrick Oesterling, Image and Signal Processing Group, Leipzig University, Germany; Gerhard Heyer, Natural Language Processing Group, Leipzig University, Germany; Tom Liebmann, Image and Signal Processing Group, Leipzig University, Germany; Gerik Scheuermann, Image and Signal Processing Group, Leipzig University, Germany; Christoph Kuras, Natural Language Processing Group, Leipzig University, Germany	Exploratory Search Through Visual Analysis of Topic Models	000400	000026	000617	000263	000250	000415	000244	000396	000458	000309	https://dhq.digitalhumanities.org/vol/11/2/000296/000296.html
000297	2017	Yuri Bizzoni | Marianne Reboul | Angelo Del Grosso	University of Gothenburg | Université Paris-Sorbonne | Institute for Computational Liguistics A. Zampolli	Yuri Bizzoni, University of Gothenburg; Marianne Reboul, Université Paris-Sorbonne; Angelo Del Grosso, Institute for Computational Liguistics A. Zampolli	Diachronic trends in Homeric translations	000033	000249	000023	000030	000025	000032	000683	000338	000251	000337	https://dhq.digitalhumanities.org/vol/11/2/000297/000297.html
000298	2017	Daniel Burckhardt	Humboldt-Universität zu Berlin	Daniel Burckhardt, Humboldt-Universität zu Berlin	Comparing Disciplinary Patterns: Exploring the Humanities through the Lens of Scholarly Communication	000280	000361	000867	000640	000271	000535	000484	000074	000635	000011	https://dhq.digitalhumanities.org/vol/11/2/000298/000298.html
000299	2017	Taylor Arnold | Stacey Maples | Lauren Tilton | Laura Wexler	University of Richmond | Stanford University | University of Richmond | Yale University	Taylor Arnold, University of Richmond; Stacey Maples, Stanford University; Lauren Tilton, University of Richmond; Laura Wexler, Yale University	Uncovering Latent Metadata in the FSA-OWI Photographic Archive	000003	000318	000061	000625	000819	000179	000227	000059	000640	000355	https://dhq.digitalhumanities.org/vol/11/2/000299/000299.html
000300	2017	Chloe Edmondson	Stanford University	Chloe Edmondson, Stanford University	An Enlightenment Utopia: The Network of Sociability in Corinne	000097	000289	000263	000434	000343	000094	000808	000244	000649	000093	https://dhq.digitalhumanities.org/vol/11/2/000300/000300.html
000302	2017	Janelle Jenstad | Kim McLean-Fiander | Kathryn R. McPherson	University of Victoria | University of Victoria | Utah Valley University	Janelle Jenstad, University of Victoria; Kim McLean-Fiander, University of Victoria; Kathryn R. McPherson, Utah Valley University	The MoEML Pedagogical Partnership Program	000330	000320	000319	000478	000306	000323	000386	000227	000177	000358	https://dhq.digitalhumanities.org/vol/11/3/000302/000302.html
000303	2017	Brandon T. Locke	Michigan State University	Brandon T. Locke, Michigan State University	Digital Humanities Pedagogy as Essential Liberal Education: A Framework for Curriculum Development	000047	000315	000481	000305	000184	000123	000322	000319	000119	000177	https://dhq.digitalhumanities.org/vol/11/3/000303/000303.html
000304	2017	Andrew Bretz	Wilfrid Laurier University	Andrew Bretz, Wilfrid Laurier University	The New Itinerancy: Digital Pedagogy and the Adjunct Instructor in the Modern Academy	000310	000248	000320	000421	000233	000034	000668	000463	000305	000473	https://dhq.digitalhumanities.org/vol/11/3/000304/000304.html
000305	2017	Emily Christina Murphy | Shannon R. Smith	Queen's University | Bader International Study Centre, Herstmonceux Castle, Queen's University	Emily Christina Murphy, Queen's University; Shannon R. Smith, Bader International Study Centre, Herstmonceux Castle, Queen's University	Undergraduate Students and Digital Humanities Belonging: Metaphors and Methods for Including Undergraduate Research in DH Communities	000322	000473	000319	000306	000304	000666	000310	000303	000421	000217	https://dhq.digitalhumanities.org/vol/11/3/000305/000305.html
000306	2017	Danica Savonick | Lisa Tagliaferri	The Graduate Center, CUNY | The Graduate Center, CUNY	Danica Savonick, The Graduate Center, CUNY; Lisa Tagliaferri, The Graduate Center, CUNY	Building a Student-Centered (Digital) Learning Community With Undergraduates	000320	000319	000302	000330	000478	000322	000305	000473	000077	000323	https://dhq.digitalhumanities.org/vol/11/3/000306/000306.html
000307	2017	Jürgen Enge | Heinz Werner Kramski	FHNW Academy of Art and Design, Basel | German Literature Archive Marbach	Jürgen Enge, FHNW Academy of Art and Design, Basel; Heinz Werner Kramski, German Literature Archive Marbach	Friedrich Kittler's Digital Legacy – PART I - Challenges, Insights and Problem-Solving Approaches in the Editing of Complex Digital Data Collections	000308	000409	000046	000455	000089	000160	000212	000018	000702	000375	https://dhq.digitalhumanities.org/vol/11/2/000307/000307.html
000308	2017	Susanne Holl	Berlin, Germany	Susanne Holl, Berlin, Germany	Friedrich Kittler's Digital Legacy – PART II - Friedrich Kittler and the Digital Humanities: Forerunner, Godfather, Object of Research. An Indexer Model Research	000307	000409	000455	000046	000160	000212	000018	000089	000702	000375	https://dhq.digitalhumanities.org/vol/11/2/000308/000308.html
000309	2017	Daniel Schüller | Christian Beecks | Marwan Hassani | Jennifer Hinnell | Bela Brenger | Thomas Seidl | Irene Mittelberg	Natural Media Lab, Human Technology Centre, RWTH Aachen University | University of Münster | Data Management and Exploration Group, RWTH Aachen University | Department of Linguistics, University of Alberta | Natural Media Lab, Human Technology Centre, RWTH Aachen University | Ludwig Maximilian University of Munich | Natural Media Lab, Human Technology Centre, RWTH Aachen University	Daniel Schüller, Natural Media Lab, Human Technology Centre, RWTH Aachen University; Christian Beecks, University of Münster; Marwan Hassani, Data Management and Exploration Group, RWTH Aachen University; Jennifer Hinnell, Department of Linguistics, University of Alberta; Bela Brenger, Natural Media Lab, Human Technology Centre, RWTH Aachen University; Thomas Seidl, Ludwig Maximilian University of Munich; Irene Mittelberg, Natural Media Lab, Human Technology Centre, RWTH Aachen University	Automated Pattern Analysis in Gesture Research: Similarity Measuring in 3D Motion Capture Models of Communicative Action	000038	000089	000090	000667	000296	000461	000193	000263	000583	000528	https://dhq.digitalhumanities.org/vol/11/2/000309/000309.html
000310	2017	Alex Christie	Brock University	Alex Christie, Brock University	Building a Toolkit for Digital Pedagogy	000304	000248	000306	000081	000202	000227	000034	000233	000594	000075	https://dhq.digitalhumanities.org/vol/11/3/000310/000310.html
000311	2017	Caitlin Christian-Lamb | Anelise Hanson Shrout	Davidson College | California State University Fullerton	Caitlin Christian-Lamb, Davidson College; Anelise Hanson Shrout, California State University Fullerton	"Starting From Scratch"? Workshopping New Directions in Undergraduate Digital Humanities	000177	000077	000055	000080	000167	000119	000133	000079	000050	000319	https://dhq.digitalhumanities.org/vol/11/3/000311/000311.html
000312	2017	Adriana Álvarez Sánchez | Miriam Peña Pimentel	National Autonomous University of Mexico | National Autonomous University of Mexico	Adriana Álvarez Sánchez, National Autonomous University of Mexico; Miriam Peña Pimentel, National Autonomous University of Mexico	DH for History Students: A Case Study at the Facultad de Filosofía y Letras (National Autonomous University of Mexico)	000355	000808	000221	000471	000352	000346	000116	000306	000323	000468	https://dhq.digitalhumanities.org/vol/11/3/000312/000312.html
000313	2017	Matthew Milner | Stephen Wittek | Stéfan Sinclair	| Carnegie Mellon | McGill University	Matthew Milner; Stephen Wittek, Carnegie Mellon; Stéfan Sinclair, McGill University	Introducing DREaM (Distant Reading Early Modernity)	000372	000227	000337	000173	000523	000654	000056	000507	000486	000469	https://dhq.digitalhumanities.org/vol/11/4/000313/000313.html
000314	2017	Alex Saum-Pascual	University of California, Berkeley	Alex Saum-Pascual, University of California, Berkeley	Teaching Electronic Literature as Digital Humanities: A Proposal	000323	000327	000734	000281	000443	000227	000337	000320	000507	000372	https://dhq.digitalhumanities.org/vol/11/3/000314/000314.html
000315	2017	Kara Kennedy	University of Canterbury	Kara Kennedy, University of Canterbury	A Long-Belated Welcome: Accepting Digital Humanities Methods into Non-DH Classrooms	000350	000034	000328	000782	000808	000077	000211	000231	000623	000402	https://dhq.digitalhumanities.org/vol/11/3/000315/000315.html
000316	2017	Ioanna Kyvernitou | Antonis Bikakis	National University of Ireland, Galway (NUIG) | University College London (UCL)	Ioanna Kyvernitou, National University of Ireland, Galway (NUIG); Antonis Bikakis, University College London (UCL)	An Ontology for Gendered Content Representation of Cultural Heritage Artefacts	000370	000622	000754	000146	000042	000078	000328	000618	000026	000196	https://dhq.digitalhumanities.org/vol/11/3/000316/000316.html
000317	2017	Ted Underwood	University of Illinois, Urbana-Champaign	Ted Underwood, University of Illinois, Urbana-Champaign	A Genealogy of Distant Reading	000140	000197	000808	000108	000146	000144	000735	000616	000481	000104	https://dhq.digitalhumanities.org/vol/11/2/000317/000317.html
000318	2017	Rhiannon Stephanie Bettivia | Elizabeth Stainforth	University of Illinois, Urbana-Champaign | University of Leeds	Rhiannon Stephanie Bettivia, University of Illinois, Urbana-Champaign; Elizabeth Stainforth, University of Leeds	All and Each: A Socio-Technical Review of the Europeana Project	000299	000206	000109	000462	000355	000328	000184	000782	000269	000256	https://dhq.digitalhumanities.org/vol/11/3/000318/000318.html
000319	2017	Patricia Hswe | Tara LaLonde | Kate Miffitt | James O'Sullivan | Sarah Pickle | Nathan Piekielek | Heather Ross | Albert Rozo	The Andrew W. Mellon Foundation | The Pennsylvania State University | The Pennsylvania State University | University College Cork | The Claremont Colleges Library | The Pennsylvania State University | The Pennsylvania State University | The Pennsylvania State University	Patricia Hswe, The Andrew W. Mellon Foundation; Tara LaLonde, The Pennsylvania State University; Kate Miffitt, The Pennsylvania State University; James O'Sullivan, University College Cork; Sarah Pickle, The Claremont Colleges Library; Nathan Piekielek, The Pennsylvania State University; Heather Ross, The Pennsylvania State University; Albert Rozo, The Pennsylvania State University	A Tale of Two Internships: Developing Digital Skills through Engaged Scholarship	000320	000330	000302	000184	000090	000306	000322	000478	000077	000323	https://dhq.digitalhumanities.org/vol/11/3/000319/000319.html
000320	2017	Laura Estill	Texas A&M University	Laura Estill, Texas A&M University	Collaborative Knowledge Creation and Student-Led Assignment Design: Wikipedia in the University Literature Class	000330	000478	000302	000323	000029	000054	000227	000319	000304	000147	https://dhq.digitalhumanities.org/vol/11/3/000320/000320.html
000321	2017	Mattie Burkert	Utah State University	Mattie Burkert, Utah State University	Recovering the London Stage Information Bank: Lessons from an Early Humanities Computing Project	000159	000179	000108	000227	000173	000003	000029	000625	000661	000308	https://dhq.digitalhumanities.org/vol/11/3/000321/000321.html
000322	2017	Aaron Mauro | Daniel Powell | Sarah Potvin | Jacob Heil | Eric Dye | Bridget Jenkins | Dene Grigar	Penn State Behrend | University of Victoria | Texas A&M University | The Five Colleges of Ohio | Penn State Behrend | Penn State Behrend | Washington State University	Aaron Mauro, Penn State Behrend; Daniel Powell, University of Victoria; Sarah Potvin, Texas A&M University; Jacob Heil, The Five Colleges of Ohio; Eric Dye, Penn State Behrend; Bridget Jenkins, Penn State Behrend; Dene Grigar, Washington State University	Towards a Seamful Design of Networked Knowledge: Practical Pedagogies in Collaborative Teams	000306	000233	000319	000305	000666	000029	000473	000330	000665	000077	https://dhq.digitalhumanities.org/vol/11/3/000322/000322.html
000323	2017	Nuria Alonso García | Alison Caplan | Brad Mering	Providence College | Providence College | Mervideo	Nuria Alonso García, Providence College; Alison Caplan, Providence College; Brad Mering, Mervideo	A Pedagogy for Computer-Assisted Literary Analysis: Introducing GALGO (Golden Age Literature Glossary Online)	000314	000327	000443	000337	000333	000237	000478	000563	000183	000393	https://dhq.digitalhumanities.org/vol/11/3/000323/000323.html
000324	2017	Kate Holterhoff	Georgia Institute of Technology	Kate Holterhoff, Georgia Institute of Technology	From Disclaimer to Critique: Race and the Digital Image Archivist	000524	000761	000640	000227	000321	000179	000635	000446	000532	000003	https://dhq.digitalhumanities.org/vol/11/3/000324/000324.html
000325	2017	Natalie Berkman	Princeton University	Natalie Berkman, Princeton University	Digital Oulipo: Programming Potential Literature	000693	000162	000734	000492	000675	000087	000314	000699	000046	000443	https://dhq.digitalhumanities.org/vol/11/3/000325/000325.html
000326	2018	Joris van Zundert | Sally Chambers | Mike Kestemont | Marijn Koolen | Catherine Jones	Huygens Institute for the History of the Netherlands, Royal Netherlands Academy of Arts and Sciences | Ghent Centre for Digital Humanities, Ghent University | Antwerp University | Netherlands Institute for Sound and Vision | University of Luxembourg	Joris van Zundert, Huygens Institute for the History of the Netherlands, Royal Netherlands Academy of Arts and Sciences; Sally Chambers, Ghent Centre for Digital Humanities, Ghent University; Mike Kestemont, Antwerp University; Marijn Koolen, Netherlands Institute for Sound and Vision; Catherine Jones, University of Luxembourg	DHBeNeLux: Incubator for Digital Humanities in Belgium, the Netherlands and Luxembourg	000327	000427	000233	000631	000079	000311	000077	000080	000596	000055	https://dhq.digitalhumanities.org/vol/11/4/000326/000326.html
000327	2018	Iwe Everhardus Christiaan Muiser | Mariët Theune | Ruud de Jong | Nigel Smink | Dolf Trieschnigg | Djoerd Hiemstra | Theo Meder	University of Twente, Enschede / Meertens Institute, Amsterdam | University of Twente, Enschede | University of Twente, Enschede | University of Twente, Enschede | MyDatafactory, Meppel | University of Twente, Enschede | Meertens Institute, Amsterdam / University of Groningen, Groningen	Iwe Everhardus Christiaan Muiser, University of Twente, Enschede / Meertens Institute, Amsterdam; Mariët Theune, University of Twente, Enschede; Ruud de Jong, University of Twente, Enschede; Nigel Smink, University of Twente, Enschede; Dolf Trieschnigg, MyDatafactory, Meppel; Djoerd Hiemstra, University of Twente, Enschede; Theo Meder, Meertens Institute, Amsterdam / University of Groningen, Groningen	Supporting the Exploration of Online Cultural Heritage Collections: The Case of the Dutch Folktale Database	000227	000034	000314	000323	000175	000414	000443	000125	000179	000593	https://dhq.digitalhumanities.org/vol/11/4/000327/000327.html
000328	2018	Max De Wilde | Simon Hengchen	Université libre de Bruxelles(ULB), Information Science Department | University of Helsinki (UH)	Max De Wilde, Université libre de Bruxelles(ULB), Information Science Department; Simon Hengchen, University of Helsinki (UH)	Semantic Enrichment of a Multilingual Archive with Linked Open Data	000368	000315	000761	000318	000159	000034	000440	000342	000323	000291	https://dhq.digitalhumanities.org/vol/11/4/000328/000328.html
000329	2017	Marinella Testori	King's College London	Marinella Testori, King's College London	Methods of quality, quality of methods. What does Roberto Busa have to communicate to digital humanists in the 21st century? From hermeneutics to performativity.	000086	000400	000471	000415	000625	000317	000232	000161	000262	000738	https://dhq.digitalhumanities.org/vol/11/3/000329/000329.html
000330	2017	Shannon Kelley	Fairfield University	Shannon Kelley, Fairfield University	Getting on the Map: A Case Study in Digital Pedagogy and Undergraduate Crowdsourcing	000302	000320	000319	000478	000306	000323	000386	000227	000177	000358	https://dhq.digitalhumanities.org/vol/11/3/000330/000330.html
000331	2017	Calvin Fung	Monash University	Calvin Fung, Monash University	Playing with Identities: Queering Digital Narratology and the Exploration of Gender and Sexual Identities	000161	000162	000389	000002	000360	000339	000046	000160	000565	000492	https://dhq.digitalhumanities.org/vol/11/3/000331/000331.html
000332	2017	Wooseob Jeong	Emporia State University	Wooseob Jeong, Emporia State University	Media Visualization of Book Cover Images: Exploring Differences among Bestsellers in Different Countries	000280	000093	000397	000146	000140	000139	000005	000170	000276	000541	https://dhq.digitalhumanities.org/vol/11/3/000332/000332.html
000333	2017	Kimmo Kettunen | Eetu Mäkelä | Teemu Ruokolainen | Juha Kuokkala | Laura Löfberg	National Library of Finland, Mikkeli, Finland | University of Helsinki, Helsinki Centre for Digital Humanities | National Library of Finland, Mikkeli, Finland | University of Helsinki, Department of Modern Languages, Helsinki, Finland | Department of Linguistics and English Language, Lancaster University, UK	Kimmo Kettunen, National Library of Finland, Mikkeli, Finland; Eetu Mäkelä, University of Helsinki, Helsinki Centre for Digital Humanities; Teemu Ruokolainen, National Library of Finland, Mikkeli, Finland; Juha Kuokkala, University of Helsinki, Department of Modern Languages, Helsinki, Finland; Laura Löfberg, Department of Linguistics and English Language, Lancaster University, UK	Old Content and Modern Tools – Searching Named Entities in a Finnish OCRed Historical Newspaper Collection 1771–1910	000323	000237	000654	000523	000381	000808	000223	000544	000709	000044	https://dhq.digitalhumanities.org/vol/11/3/000333/000333.html
000334	2017	Emily Christina Murphy | Shannon R. Smith	Queen's University | Bader International Study Centre, Herstmonceux Castle, Queen's University	Emily Christina Murphy, Queen's University; Shannon R. Smith, Bader International Study Centre, Herstmonceux Castle, Queen's University	Introduction	000081	000436	000177	000211	000311	000077	000304	000404	000147	000310	https://dhq.digitalhumanities.org/vol/11/3/000334/000334.html
000335	2017	Simon Mahony	University College London	Simon Mahony, University College London	The Digital Classicist: building a Digital Humanities Community	000233	000029	000023	000025	000209	000475	000134	000112	000202	000416	https://dhq.digitalhumanities.org/vol/11/3/000335/000335.html
000336	2017	Anela Chan | Richard Chenhall | Tamara Kohn | Carolyn Stevens	Independent Scholar | University of Melbourne | University of Melbourne | Monash University	Anela Chan, Independent Scholar; Richard Chenhall, University of Melbourne; Tamara Kohn, University of Melbourne; Carolyn Stevens, Monash University	Interdisciplinary Collaboration and Brokerage in the Digital Humanities	000123	000213	000184	000133	000198	000701	000597	000628	000173	000179	https://dhq.digitalhumanities.org/vol/11/3/000336/000336.html
000337	2017	Florentina Armaselu | Charles van den Heuvel	University of Luxembourg | Huygens ING, The Hague, Netherlands; University of Amsterdam	Florentina Armaselu, University of Luxembourg; Charles van den Heuvel, Huygens ING, The Hague, Netherlands; University of Amsterdam	Metaphors in Digital Hermeneutics: Zooming through Literary, Didactic and Historical Representations of Imaginary and Existing Cities	000313	000273	000323	000709	000819	000166	000067	000263	000227	000275	https://dhq.digitalhumanities.org/vol/11/3/000337/000337.html
000338	2018	Melvin Wevers | Jesper Verhoef	DH Group, KNAW HUC, Amsterdam, The Netherlands | TU Delft, Delft, The Netherlands	Melvin Wevers, DH Group, KNAW HUC, Amsterdam, The Netherlands; Jesper Verhoef, TU Delft, Delft, The Netherlands	Coca-Cola: An Icon of the American Way of Life. An Iterative Text Mining Workflow for Analyzing Advertisements in Dutch Twentieth-Century Newspapers	000263	000357	000371	000545	000170	000808	000300	000273	000448	000649	https://dhq.digitalhumanities.org/vol/11/4/000338/000338.html
000339	2017	April Grow | Melanie Dickinson | Johnathan Pagnutti | Noah Wardrip-Fruin | Michael Mateas	University of California Santa Cruz | University of California Santa Cruz | University of California Santa Cruz | University of California Santa Cruz | University of California Santa Cruz	April Grow, University of California Santa Cruz; Melanie Dickinson, University of California Santa Cruz; Johnathan Pagnutti, University of California Santa Cruz; Noah Wardrip-Fruin, University of California Santa Cruz; Michael Mateas, University of California Santa Cruz	Crafting in Games	000356	000122	000429	000085	000281	000486	000619	000081	000819	000433	https://dhq.digitalhumanities.org/vol/11/4/000339/000339.html
000340	2017	Talea Anderson | David Squires	Washington State University | University of Louisiana at Lafayette	Talea Anderson, Washington State University; David Squires, University of Louisiana at Lafayette	Open Access and the Theological Imagination	000473	000035	000214	000248	000017	000088	000006	000320	000361	000054	https://dhq.digitalhumanities.org/vol/11/4/000340/000340.html
000341	2018	J. Berenike Herrmann	Basel University	J. Berenike Herrmann, Basel University	In a test bed with Kafka. Introducing a mixed-method approach to digital stylistics	000203	000295	000170	000259	000499	000229	000357	000368	000289	000687	https://dhq.digitalhumanities.org/vol/11/4/000341/000341.html
000342	2018	Iris Hendrickx | Louis Onrust | Florian Kunneman | Ali Hürriyetoğlu | Wessel Stoop | Antal van den Bosch	Centre for Language Studies, Radboud University, Nijmegen, The Netherlands; Centre for Language and Speech Technology, Radboud University, Nijmegen, The Netherlands | Centre for Language Studies, Radboud University, Nijmegen, The Netherlands | Centre for Language Studies, Radboud University, Nijmegen, The Netherlands | Centre for Language Studies, Radboud University, Nijmegen, The Netherlands | Centre for Language and Speech Technology, Radboud University, Nijmegen, The Netherlands | Meertens Institute, Amsterdam, The Netherlands	Iris Hendrickx, Centre for Language Studies, Radboud University, Nijmegen, The Netherlands; Centre for Language and Speech Technology, Radboud University, Nijmegen, The Netherlands; Louis Onrust, Centre for Language Studies, Radboud University, Nijmegen, The Netherlands; Florian Kunneman, Centre for Language Studies, Radboud University, Nijmegen, The Netherlands; Ali Hürriyetoğlu, Centre for Language Studies, Radboud University, Nijmegen, The Netherlands; Wessel Stoop, Centre for Language and Speech Technology, Radboud University, Nijmegen, The Netherlands; Antal van den Bosch, Meertens Institute, Amsterdam, The Netherlands	Unraveling reported dreams with text analytics	000291	000328	000170	000042	000440	000498	000445	000263	000461	000730	https://dhq.digitalhumanities.org/vol/11/4/000342/000342.html
000343	2018	Inger Leemans | Janneke M. van der Zwaan | Isa Maks | Erika Kuijpers | Kristine Steenbergh	Faculty of Humanities, Vrije Universiteit Amsterdam, The Netherlands | Netherlands eScience Center, Amsterdam, The Netherlands | Faculty of Humanities, Vrije Universiteit Amsterdam, The Netherlands | Faculty of Humanities, Vrije Universiteit, Amsterdam, The Netherlands | Faculty of Humanities, Vrije Universiteit, Amsterdam, The Netherlands	Inger Leemans, Faculty of Humanities, Vrije Universiteit Amsterdam, The Netherlands; Janneke M. van der Zwaan, Netherlands eScience Center, Amsterdam, The Netherlands; Isa Maks, Faculty of Humanities, Vrije Universiteit Amsterdam, The Netherlands; Erika Kuijpers, Faculty of Humanities, Vrije Universiteit, Amsterdam, The Netherlands; Kristine Steenbergh, Faculty of Humanities, Vrije Universiteit, Amsterdam, The Netherlands	Mining Embodied Emotions: A Comparative Analysis of Sentiment and Emotion in Dutch Texts, 1600-1800.	000291	000263	000467	000400	000440	000679	000808	000461	000482	000323	https://dhq.digitalhumanities.org/vol/11/4/000343/000343.html
000344	2017	Isabel Pedersen | Quinn DuPont	University of Ontario Institute of Technology | University of Washington	Isabel Pedersen, University of Ontario Institute of Technology; Quinn DuPont, University of Washington	Tracking the telepathic sublime as a phenomenon in a digital humanities archive	000014	000059	000153	000124	000064	000076	000173	000199	000280	000151	https://dhq.digitalhumanities.org/vol/11/4/000344/000344.html
000345	2018	Ernesto Priani Saiso | Elena Gonzalez-Blanco García	Universidad Nacional Autónoma de México (UNAM) | Universidad Nacional de Educación a Distancia (UNED)	Ernesto Priani Saiso, Universidad Nacional Autónoma de México (UNAM); Elena Gonzalez-Blanco García, Universidad Nacional de Educación a Distancia (UNED)	Introducción de los editores	000366	000637	000365	000453	000808	000221	000347	000327	000837	000485	https://dhq.digitalhumanities.org/vol/12/1/000345/000345.html
000346	2018	José Calvo Tello | Juan Cerezo Soler	Universidad de Würzburg | Universidad Autónoma de Madrid	José Calvo Tello, Universidad de Würzburg; Juan Cerezo Soler, Universidad Autónoma de Madrid	La conquista de Jerusalén ¿de Cervantes? Análisis estilométrico sobre autoría en el teatro del Siglo de Oro español	000355	000312	000808	000357	000467	000295	000263	000679	000338	000433	https://dhq.digitalhumanities.org/vol/12/1/000346/000346.html
000347	2018	Paulo Antonio Gatica Cote	Universidad de Salamanca	Paulo Antonio Gatica Cote, Universidad de Salamanca	Cartografías de la sociedad red	000353	000355	000460	000349	000490	000819	000345	000679	000366	000346	https://dhq.digitalhumanities.org/vol/12/1/000347/000347.html
000348	2018	Anne Baillot	Le Mans Université	Anne Baillot, Le Mans Université	Reconstruire ce qui manque – ou le déconstruire ? Approches numériques des sources historiques	000424	000144	000455	000053	000231	000553	000124	000175	000354	000187	https://dhq.digitalhumanities.org/vol/12/1/000348/000348.html
000349	2018	Marine Riguet | Motasem Alrahabi	Labex OBVIL (Paris-Sorbonne) | Paris-Sorbonne Abou Dhabi	Marine Riguet, Labex OBVIL (Paris-Sorbonne); Motasem Alrahabi, Paris-Sorbonne Abou Dhabi	Pour une analyse automatique du jugement critique : les citations modalisées dans le discours littéraire du XIXe siècle	000347	000353	000355	000248	000221	000314	000469	000121	000637	000460	https://dhq.digitalhumanities.org/vol/12/1/000349/000349.html
000350	2018	Bridget Almas | Thibault Clérice	The Alpheios Project, Ltd. | Centre Jean-Mabillon (École des chartes) - PSL	Bridget Almas, The Alpheios Project, Ltd.; Thibault Clérice, Centre Jean-Mabillon (École des chartes) - PSL	Continuous Integration and Unit Testing of Digital Editions	000029	000315	000245	000025	000455	000174	000054	000319	000661	000184	https://dhq.digitalhumanities.org/vol/11/4/000350/000350.html
000351	2018	Gabriele Griffin | Matt Steven Hayler	Uppsala University | Birmingham University, UK	Gabriele Griffin, Uppsala University; Matt Steven Hayler, Birmingham University, UK	Collaboration in Digital Humanities Research – Persisting Silences	000202	000112	000211	000216	000596	000384	000019	000167	000820	000020	https://dhq.digitalhumanities.org/vol/12/1/000351/000351.html
000352	2018	Paola Ricaurte Quijano	Tecnológico de Monterrey	Paola Ricaurte Quijano, Tecnológico de Monterrey	Laboratorios ciudadanos y humanidades digitales	000312	000460	000221	000808	000471	000177	000323	000306	000355	000077	https://dhq.digitalhumanities.org/vol/12/1/000352/000352.html
000353	2018	Cecily Raynor	McGill University	Cecily Raynor, McGill University	Geografías digitales: Iluminando las relaciones espaciales en una colección de blogs literarios	000347	000349	000314	000460	000355	000490	000616	000693	000323	000327	https://dhq.digitalhumanities.org/vol/12/1/000353/000353.html
000354	2018	Camille Monnier	French Ministry of Culture	Camille Monnier, French Ministry of Culture	Élaboration d’un modèle appuyé sur le modèle RDF dans le cadre de la réalisation d’une Bibliothèque virtuelle Chris Marker à la Cinémathèque française	000587	000471	000355	000532	000090	000775	000523	000348	000003	000680	https://dhq.digitalhumanities.org/vol/12/1/000354/000354.html
000355	2018	Suzana Sukovic | Peter Read	HETI (Health Education and Training Institute) | Australian National University	Suzana Sukovic, HETI (Health Education and Training Institute); Peter Read, Australian National University	Retorno a trazos de mil historias	000270	000448	000312	000808	000206	000538	000327	000272	000323	000507	https://dhq.digitalhumanities.org/vol/12/1/000355/000355.html
000356	2018	Jim McGrath	Brown University	Jim McGrath, Brown University	Reappearing Acts: A Review of Lori Emerson’s Reading Writing Interfaces: From the Digital to the Bookbound	000361	000389	000369	000203	000011	000265	000569	000248	000227	000507	https://dhq.digitalhumanities.org/vol/11/3/000356/000356.html
000357	2018	Élodie Bénard | Francesca Frontini	Université Paris-Sorbonne | Université Paul Valéry Montpellier	Élodie Bénard, Université Paris-Sorbonne; Francesca Frontini, Université Paul Valéry Montpellier	Les Sganarelle de Molière : un nom, des syntaxes ?	000170	000291	000295	000263	000343	000808	000014	000371	000730	000498	https://dhq.digitalhumanities.org/vol/12/1/000357/000357.html
000358	2018	Daniel G. Tracy | Elizabeth Massa Hoiem	University of Illinois at Urbana-Champaign | University of Illinois at Urbana-Champaign	Daniel G. Tracy, University of Illinois at Urbana-Champaign; Elizabeth Massa Hoiem, University of Illinois at Urbana-Champaign	Scaffolding and Play Approaches to Digital Humanities Pedagogy: Assessment and Iteration in Topically-Driven Courses	000631	000443	000330	000302	000478	000441	000323	000084	000470	000306	https://dhq.digitalhumanities.org/vol/11/4/000358/000358.html
000359	2018	Christelle Cocco | Grégory Dessart | Olga Serbaeva | Pierre-Yves Brandt | Dominique Vinck | Frédéric Darbellay	Université de Lausanne | Université de Lausanne | Universités de Lausanne et de Zürich | Université de Lausanne | Université de Lausanne | Université de Genève	Christelle Cocco, Université de Lausanne; Grégory Dessart, Université de Lausanne; Olga Serbaeva, Universités de Lausanne et de Zürich; Pierre-Yves Brandt, Université de Lausanne; Dominique Vinck, Université de Lausanne; Frédéric Darbellay, Université de Genève	Potentialités et difficultés d’un projet en humanités numériques (DH) : confrontation aux outils et réorientations de recherche	000384	000184	000074	000019	000374	000072	000119	000620	000047	000423	https://dhq.digitalhumanities.org/vol/12/1/000359/000359.html
000360	2018	Jamie Peter Redgate	University of Glasgow	Jamie Peter Redgate, University of Glasgow	How to Read Minds: A Review of Refiguring Minds in Narrative Media by David Ciccoricco (Lincoln: University of Nebraska Press, 2015)	000331	000161	000002	000389	000492	000009	000325	000659	000128	000162	https://dhq.digitalhumanities.org/vol/11/2/000360/000360.html
000361	2018	Madison Percy Jones	University of Florida	Madison Percy Jones, University of Florida	Environing Media: A Review of Nicole Starosielski’s The Undersea Network	000011	000437	000356	000389	000280	000120	000271	000457	000369	000243	https://dhq.digitalhumanities.org/vol/11/4/000361/000361.html
000362	2018	Jean Guy Meunier	Université du Québec à Montréal	Jean Guy Meunier, Université du Québec à Montréal	Le texte numérique : enjeux herméneutiques	000150	000144	000382	000199	000353	000203	000289	000054	000485	000005	https://dhq.digitalhumanities.org/vol/12/1/000362/000362.html
000363	2018	Ioana Galleron | Fatiha Idmhand | Cécile Meynard	University of Grenoble | Université de Poitiers | University of Angers	Ioana Galleron, University of Grenoble; Fatiha Idmhand, Université de Poitiers; Cécile Meynard, University of Angers	Que mille lectures s’épanouissent… Modélisation du personnage et expérience de crowdreading	000178	000364	000180	000317	000108	000753	000594	000377	000320	000378	https://dhq.digitalhumanities.org/vol/12/1/000363/000363.html
000364	2018	Caroline Ardrey | Mylène Dubiau | Helen Abbott	The University of Birmingham | Université de Toulouse — Jean Jaurès | The University of Birmingham	Caroline Ardrey, The University of Birmingham; Mylène Dubiau, Université de Toulouse — Jean Jaurès; Helen Abbott, The University of Birmingham	Entre musique et lettres : vers une méthodologie numérique pour l’analyse de la mise en musique des poésies de Charles Baudelaire	000363	000108	000547	000389	000616	000140	000104	000762	000378	000203	https://dhq.digitalhumanities.org/vol/12/1/000364/000364.html
000365	2018	Marc Renneville | Jean-Lucien Sanchez | Sophie Victorien	CLAMOR. Center for Digital Humanities and History of Justice (CNRS) | CLAMOR. Center for Digital Humanities and History of Justice (CNRS) | CLAMOR. Center for Digital Humanities and History of Justice (CNRS)	Marc Renneville, CLAMOR. Center for Digital Humanities and History of Justice (CNRS); Jean-Lucien Sanchez, CLAMOR. Center for Digital Humanities and History of Justice (CNRS); Sophie Victorien, CLAMOR. Center for Digital Humanities and History of Justice (CNRS)	Criminocorpus. Un projet numérique pour l'histoire de la justice	000453	000471	000345	000469	000441	000089	000355	000366	000637	000312	https://dhq.digitalhumanities.org/vol/12/1/000365/000365.html
000366	2018	Aurélien Berra | Claire Clivaz | Sophie Marcotte | Emmanuelle Morlock	Université Paris-Nanterre | Institut Suisse de Bioinformatique | Concordia University | Centre national de la recherche scientifique	Aurélien Berra, Université Paris-Nanterre; Claire Clivaz, Institut Suisse de Bioinformatique; Sophie Marcotte, Concordia University; Emmanuelle Morlock, Centre national de la recherche scientifique	Introduction	000345	000637	000365	000453	000808	000221	000347	000327	000837	000485	https://dhq.digitalhumanities.org/vol/12/1/000366/000366.html
000367	2018	Marie Delcourte-Debarre	Université de Valenciennes et du Hainaut-Cambrésis	Marie Delcourte-Debarre, Université de Valenciennes et du Hainaut-Cambrésis	Analyser les emboîtements d’échelles spatio-temporelles d’un territoire forestier : du système d’information géographique à la méthode SyMoGIH (Avesnois, France)	000467	000626	000383	000460	000347	000531	000353	000482	000345	000366	https://dhq.digitalhumanities.org/vol/12/1/000367/000367.html
000368	2018	Laura F. Hawkins	Harvard University	Laura F. Hawkins, Harvard University	Computational Models for Analyzing Data Collected from Reconstructed Cuneiform Syllabaries	000263	000323	000328	000237	000170	000250	000808	000341	000190	000082	https://dhq.digitalhumanities.org/vol/12/1/000368/000368.html
000369	2018	Joseph Lloyd Donica	Bronx Community College, City University of New York	Joseph Lloyd Donica, Bronx Community College, City University of New York	Thinking Digitally: A Review of N. Katherine Hayles’s How We Think: Digital Media and Contemporary Technogenesis (University of Chicago Press, 2012)	000140	000389	000356	000457	000108	000015	000162	000317	000361	000011	https://dhq.digitalhumanities.org/vol/12/1/000369/000369.html
000370	2018	Marcia Lei Zeng | Sophy Shu-Jiun Chen	Kent State University, Kent, Ohio, USA | Academia Sinica, Taiwan	Marcia Lei Zeng, Kent State University, Kent, Ohio, USA; Sophy Shu-Jiun Chen, Academia Sinica, Taiwan	Knowledge Organization and Cultural Heritage in the Semantic Web – A Review of a Conference and a Special Journal Issue of JLIS	000035	000029	000458	000754	000668	000761	000667	000159	000163	000196	https://dhq.digitalhumanities.org/vol/12/1/000370/000370.html
000371	2018	Richard Forsyth | David Holmes	Independent Researcher | Department of Statistics, George Mason University	Richard Forsyth, Independent Researcher; David Holmes, Department of Statistics, George Mason University	The Writeprints of Man: a Stylometric Study of Lafayette's Hand in Paine's 'Rights of Man'	000357	000170	000263	000273	000224	000185	000188	000338	000140	000138	https://dhq.digitalhumanities.org/vol/12/1/000371/000371.html
000372	2018	Michael Fox | Joseph Fletcher	University of North Carolina-Chapel Hill | University of North Carolina-Chapel Hill	Michael Fox, University of North Carolina-Chapel Hill; Joseph Fletcher, University of North Carolina-Chapel Hill	"All Relate to Art": The William Blake Archive and Its Web of Relations	000227	000265	000173	000313	000059	000166	000003	000337	000184	000486	https://dhq.digitalhumanities.org/vol/12/1/000372/000372.html
000373	2018	Pelle Snickars | Roger Mähler	Umeå University | Umeå University	Pelle Snickars, Umeå University; Roger Mähler, Umeå University	SpotiBot — Turing Testing Spotify	000146	000292	000869	000560	000109	000049	000336	000173	000033	000126	https://dhq.digitalhumanities.org/vol/12/1/000373/000373.html
000374	2018	Bridget Almas | Emad Khazraee | Matthew Thomas Miller | Joshua Westgard	The Alpheios Project, Ltd. | School of Information, Kent State University | Roshan Institute for Persian Studies, University of Maryland College Park | University Libraries, University of Maryland College Park	Bridget Almas, The Alpheios Project, Ltd.; Emad Khazraee, School of Information, Kent State University; Matthew Thomas Miller, Roshan Institute for Persian Studies, University of Maryland College Park; Joshua Westgard, University Libraries, University of Maryland College Park	Manuscript Study in Digital Spaces: The State of the Field and New Ways Forward	000071	000184	000047	000029	000119	000336	000133	000546	000198	000072	https://dhq.digitalhumanities.org/vol/12/2/000374/000374.html
000375	2019	Jasmijn Van Gorp | Marc Bron	Utrecht University | Schibsted	Jasmijn Van Gorp, Utrecht University; Marc Bron, Schibsted	Building Bridges: Collaboration between Computer Sciences and Media Studies in a Television Archive Project	000193	000379	000013	000184	000179	000076	000620	000628	000507	000523	https://dhq.digitalhumanities.org/vol/13/3/000375/000375.html
000376	2018	Joel Schneier | Timothy Stinson | Matthew Davis	North Carolina State University | North Carolina State University | McMaster University	Joel Schneier, North Carolina State University; Timothy Stinson, North Carolina State University; Matthew Davis, McMaster University	BigDIVA and Networked Browsing: A Case for Generous Interfacing and Joyous Searching	000173	000081	000486	000819	000184	000136	000205	000019	000313	000372	https://dhq.digitalhumanities.org/vol/12/2/000376/000376.html
000377	2018	Tobias Blanke	King's College London, Department of Digital Humanities	Tobias Blanke, King's College London, Department of Digital Humanities	Predicting the Past	000223	000333	000043	000140	000808	000654	000622	000448	000044	000042	https://dhq.digitalhumanities.org/vol/12/2/000377/000377.html
000378	2018	Michael Marcinkowski	Bath Spa University	Michael Marcinkowski, Bath Spa University	Methodological Nearness and the Question of Computational Literature	000616	000162	000619	000693	000389	000140	000734	000108	000207	000087	https://dhq.digitalhumanities.org/vol/12/2/000378/000378.html
000379	2018	Deena Engel | Lauren Hinkson | Joanna Phillips | Marion Thain	New York University | Solomon R. Guggenheim Museum | Solomon R. Guggenheim Museum | New York University	Deena Engel, New York University; Lauren Hinkson, Solomon R. Guggenheim Museum; Joanna Phillips, Solomon R. Guggenheim Museum; Marion Thain, New York University	Reconstructing Brandon (1998-1999): A Cross-disciplinary Digital Humanities Study of Shu Lea Cheang’s Early Web Artwork	000375	000409	000074	000160	000532	000139	000276	000386	000541	000159	https://dhq.digitalhumanities.org/vol/12/2/000379/000379.html
000380	2018	Steven Jones	University of South Florida	Steven Jones, University of South Florida	Reverse Engineering the First Humanities Computing Center	000502	000468	000184	000227	000456	000384	000047	000523	000206	000481	https://dhq.digitalhumanities.org/vol/12/2/000380/000380.html
000381	2019	Timothy C. Duguid | Maristella Feustle | Francesca Giannetti | Elizabeth Grumbach	University of Glasgow | University of North Texas | Rutgers University | Arizona State University	Timothy C. Duguid, University of Glasgow; Maristella Feustle, University of North Texas; Francesca Giannetti, Rutgers University; Elizabeth Grumbach, Arizona State University	Music Scholarship Online (MuSO): A Research Environment for a More Democratic Digital Musicology	000400	000481	000595	000523	000544	000047	000184	000025	000333	000272	https://dhq.digitalhumanities.org/vol/13/1/000381/000381.html
000382	2018	Alex Mueller	University of Massachusetts Boston	Alex Mueller, University of Massachusetts Boston	Stealing a Corpus: Appropriating Aesop’s Body in the Early Age of Print	000140	000442	000197	000447	000029	000030	000574	000434	000398	000058	https://dhq.digitalhumanities.org/vol/12/2/000382/000382.html
000383	2018	Philip I. Buckland | Nicolò Dell'Unto | Gísli Pálsson	Umeå University, Sweden | Lund University, Sweden | Umeå University, Sweden	Philip I. Buckland, Umeå University, Sweden; Nicolò Dell'Unto, Lund University, Sweden; Gísli Pálsson, Umeå University, Sweden	To tree, or not to tree? On the Empirical Basis for Having Past Landscapes to Experience.	000626	000819	000294	000467	000315	000487	000578	000337	000744	000483	https://dhq.digitalhumanities.org/vol/12/3/000383/000383.html
000384	2018	Claudia Sciuto	Umeå University	Claudia Sciuto, Umeå University	Recording invisible proofs to compose stone narratives. Applications of Near Infrared Spectroscopy in provenance studies.	000019	000290	000456	000178	000359	000500	000419	000380	000397	000275	https://dhq.digitalhumanities.org/vol/12/3/000384/000384.html
000385	2018	Eleni Bozia	University of Florida	Eleni Bozia, University of Florida	Reviving Classical Drama: virtual reality and experiential learning in a traditional classroom	000395	000400	000444	000029	000438	000396	000049	000252	000024	000320	https://dhq.digitalhumanities.org/vol/12/3/000385/000385.html
000386	2018	Marina Hassapopoulou	New York University	Marina Hassapopoulou, New York University	From Distracted to Distributed Attention: Expanded Learning through Social Media, Augmented Reality, Remixing, and Activist Geocaching	000047	000119	000494	000193	000141	000532	000507	000323	000379	000407	https://dhq.digitalhumanities.org/vol/12/2/000386/000386.html
000387	2018	Sarah E. Kersh | Chelsea Skalak	Dickinson College | Dickinson College	Sarah E. Kersh, Dickinson College; Chelsea Skalak, Dickinson College	From Distracted to Recursive Reading: Facilitating Knowledge Transfer through Annotation Software	000178	000075	000128	000314	000197	000180	000148	000393	000703	000323	https://dhq.digitalhumanities.org/vol/12/2/000387/000387.html
000388	2018	Jennifer Edmond	Trinity College Dublin	Jennifer Edmond, Trinity College Dublin	How Scholars Read Now: When the Signal Is the Noise	000481	000184	000668	000399	000075	000197	000588	000387	000047	000070	https://dhq.digitalhumanities.org/vol/12/2/000388/000388.html
000389	2018	Tully Barnett	Flinders University	Tully Barnett, Flinders University	Distributed reading: Literary reading in diverse environments	000369	000180	000356	000108	000140	000162	000161	000203	000361	000564	https://dhq.digitalhumanities.org/vol/12/2/000389/000389.html
000390	2018	Martha Hollander	Hofstra University	Martha Hollander, Hofstra University	The Imaginary Museum: Teaching Art History with Mobile Digital Technology	000568	000386	000049	000765	000471	000385	000193	000494	000225	000557	https://dhq.digitalhumanities.org/vol/12/2/000390/000390.html
000391	2018	Grant Wythoff	Pennsylvania State University	Grant Wythoff, Pennsylvania State University	Laptop Policy: Notes on Boredom	000494	000085	000386	000393	000047	000356	000121	000436	000106	000162	https://dhq.digitalhumanities.org/vol/12/2/000391/000391.html
000392	2018	Richard Gartner	Warburg Institute, London, UK	Richard Gartner, Warburg Institute, London, UK	Using structured text corpora in Parliamentary Metadata Language for the analysis of legislative proceedings	000454	000490	000034	000033	000448	000735	000450	000804	000042	000734	https://dhq.digitalhumanities.org/vol/12/2/000392/000392.html
000393	2018	Marion Thain	King's College London	Marion Thain, King's College London	Distracted Reading: Acts of Attention in the Age of the Internet	000494	000323	000320	000313	000386	000356	000302	000184	000319	000227	https://dhq.digitalhumanities.org/vol/12/2/000393/000393.html
000394	2018	Paul Fyfe	North Carolina State University	Paul Fyfe, North Carolina State University	Reading, Making, and Metacognition: Teaching Digital Humanities for Transfer	000106	000098	000457	000047	000115	000193	000232	000076	000375	000369	https://dhq.digitalhumanities.org/vol/12/2/000394/000394.html
000395	2018	Helen Slaney | Anna Foka | Sophie Bocksberger	University of Roehampton | DH Uppsala and Humlab Umeå | University of Oxford	Helen Slaney, University of Roehampton; Anna Foka, DH Uppsala and Humlab Umeå; Sophie Bocksberger, University of Oxford	Ghosts in the Machine: a motion-capture experiment in distributed reception	000385	000400	000396	000029	000246	000343	000415	000294	000237	000514	https://dhq.digitalhumanities.org/vol/12/3/000395/000395.html
000396	2018	Anna Foka | Jonathan Westin | Adam Chapman	Umeå University | University of Gothenburg | University of Gothenburg	Anna Foka, Umeå University; Jonathan Westin, University of Gothenburg; Adam Chapman, University of Gothenburg	Introduction to the DHQ Special Issue: Digital Technology in the Study of the Past	000400	000385	000026	000244	000246	000250	000770	000415	000382	000296	https://dhq.digitalhumanities.org/vol/12/3/000396/000396.html
000397	2018	Chris Mustazza	University of Pennsylvania	Chris Mustazza, University of Pennsylvania	Machine-aided close listening: Prosthetic synaesthesia and the 3D phonotext	000146	000871	000688	000384	000332	000150	000703	000178	000115	000091	https://dhq.digitalhumanities.org/vol/12/3/000397/000397.html
000398	2018	Joshua L. Mann	Expositus	Joshua L. Mann, Expositus	How Technology Means: Texts, History, and Their Associated Technologies	000029	000442	000138	000004	000180	000581	000658	000382	000140	000257	https://dhq.digitalhumanities.org/vol/12/3/000398/000398.html
000399	2018	Smiljana Antonijevic | Ellysa Stern Cahoy	The Pennsylvania State University | The Pennsylvania State University	Smiljana Antonijevic, The Pennsylvania State University; Ellysa Stern Cahoy, The Pennsylvania State University	Researcher as Bricoleur: Contextualizing humanists’ digital workflows	000401	000436	000121	000173	000133	000454	000421	000388	000108	000481	https://dhq.digitalhumanities.org/vol/12/3/000399/000399.html
000400	2018	Deanna Shemek | Antonella Guidazzoli | Maria Chiara Liguori | Giovanni Bellavia | Daniele De Luca | Luigi Verri | Silvano Imboden	University of California, Irvine, USA | VisitLab - Cineca Interuniversity Consortium, Italy | VisitLab - Cineca Interuniversity Consortium, Italy | VisitLab - Cineca Interuniversity Consortium, Italy | VisitLab - Cineca Interuniversity Consortium, Italy | VisitLab - Cineca Interuniversity Consortium, Italy | VisitLab - Cineca Interuniversity Consortium, Italy	Deanna Shemek, University of California, Irvine, USA; Antonella Guidazzoli, VisitLab - Cineca Interuniversity Consortium, Italy; Maria Chiara Liguori, VisitLab - Cineca Interuniversity Consortium, Italy; Giovanni Bellavia, VisitLab - Cineca Interuniversity Consortium, Italy; Daniele De Luca, VisitLab - Cineca Interuniversity Consortium, Italy; Luigi Verri, VisitLab - Cineca Interuniversity Consortium, Italy; Silvano Imboden, VisitLab - Cineca Interuniversity Consortium, Italy	Renaissance Remix. Isabella d’Este: Virtual Studiolo	000415	000562	000385	000296	000263	000166	000395	000161	000595	000381	https://dhq.digitalhumanities.org/vol/12/4/000400/000400.html
000401	2018	Ingrida Kelpšienė	Vilnius University, Lithuania	Ingrida Kelpšienė, Vilnius University, Lithuania	Defining scholarly practices, methods and tools in the Lithuanian digital humanities research community	000108	000166	000321	000184	000025	000602	000585	000709	000453	000404	https://dhq.digitalhumanities.org/vol/12/4/000401/000401.html
000402	2019	Steven Braun	Northeastern University Library, Digital Scholarship Group	Steven Braun, Northeastern University Library, Digital Scholarship Group	Critically engaging with data visualization through an information literacy framework	000085	000091	000406	000534	000047	000417	000119	000486	000407	000205	https://dhq.digitalhumanities.org/vol/12/4/000402/000402.html
000403	2019	Catherine D'Ignazio | Rahul Bhargava	Emerson College | Massachusetts Institute of Technology	Catherine D'Ignazio, Emerson College; Rahul Bhargava, Massachusetts Institute of Technology	Creative Data Literacy: A Constructionist Approach to Teaching Information Visualization	000436	000419	000404	000407	000402	000452	000408	000393	000091	000085	https://dhq.digitalhumanities.org/vol/12/4/000403/000403.html
000404	2019	Christina Boyles	Michigan State University	Christina Boyles, Michigan State University	Making and Breaking: Teaching Information Ethics through Curatorial Practice	000211	000216	000422	000465	000638	000448	000313	000780	000634	000450	https://dhq.digitalhumanities.org/vol/12/4/000404/000404.html
000405	2019	Amy Papaelias	SUNY New Paltz	Amy Papaelias, SUNY New Paltz	Best Practices: Teaching Typographic Principles to Digital Humanities Audiences	000265	000227	000558	000314	000281	000166	000819	000356	000414	000058	https://dhq.digitalhumanities.org/vol/12/4/000405/000405.html
000406	2019	Yvette Shen	Ohio State University	Yvette Shen, Ohio State University	Placing Graphic Design at the Intersection of Information Visualization Fields	000819	000414	000205	000402	000067	000281	000339	000166	000356	000486	https://dhq.digitalhumanities.org/vol/12/4/000406/000406.html
000407	2019	Viviana De Angelis | Patricia Mannix McNamara | Rosa Gallelli | Gemma Pichierri	Università degli Studi di Bari Aldo Moro | University of Limerick | Università degli Studi di Bari Aldo Moro | Media Training Expert	Viviana De Angelis, Università degli Studi di Bari Aldo Moro; Patricia Mannix McNamara, University of Limerick; Rosa Gallelli, Università degli Studi di Bari Aldo Moro; Gemma Pichierri, Media Training Expert	Visual Communication and the promotion of Health: an exploration of how they intersect in Italian education	000403	000419	000486	000402	000386	000275	000385	000393	000205	000167	https://dhq.digitalhumanities.org/vol/12/4/000407/000407.html
000408	2019	Katherine Hepworth | Christopher Church	University of Nevada, Reno | University of Nevada, Reno	Katherine Hepworth, University of Nevada, Reno; Christopher Church, University of Nevada, Reno	Racism in the Machine: Visualization Ethics in Digital Humanities Projects	000067	000761	000634	000403	000769	000757	000629	000781	000773	000356	https://dhq.digitalhumanities.org/vol/12/4/000408/000408.html
000409	2019	Alan Bilansky	University of Illinois	Alan Bilansky, University of Illinois	Velvet Evolution: A Review of Lev Manovich's Software Takes Command (Bloomsbury Academic, 2013)	000379	000698	000193	000308	000160	000165	000019	000699	000122	000074	https://dhq.digitalhumanities.org/vol/13/1/000409/000409.html
000410	2019	Victoria Van Hyning	Library of Congress	Victoria Van Hyning, Library of Congress	Curating Crowds: A Review of Crowdsourcing Our Cultural Heritage (Ashgate, 2014)	000125	000315	000782	000568	000071	000034	000328	000536	000227	000462	https://dhq.digitalhumanities.org/vol/13/1/000410/000410.html
000411	2019	James Smithies | Carina Westling | Anna-Maria Sichani | Pam Mellen | Arianna Ciula	King's College London | King's College London | King's College London | King's College London | King's College London	James Smithies, King's College London; Carina Westling, King's College London; Anna-Maria Sichani, King's College London; Pam Mellen, King's College London; Arianna Ciula, King's College London	Managing 100 Digital Humanities Projects: Digital Scholarship & Archiving in King’s Digital Lab	000671	000174	000184	000318	000477	000466	000256	000133	000321	000677	https://dhq.digitalhumanities.org/vol/13/1/000411/000411.html
000412	2019	Brandon W. Hawk | Antonia Karaisl | Nick White	Rhode Island College | Rescribe Ltd | Rescribe Ltd	Brandon W. Hawk, Rhode Island College; Antonia Karaisl, Rescribe Ltd; Nick White, Rescribe Ltd	Modelling Medieval Hands: Practical OCR for Caroline Minuscule	000738	000574	000469	000787	000553	000071	000517	000430	000546	000108	https://dhq.digitalhumanities.org/vol/13/1/000412/000412.html
000413	2019	Molly Nebiolo | Gregory J. Palermo	Northeastern University | Northeastern University	Molly Nebiolo, Northeastern University; Gregory J. Palermo, Northeastern University	DH2018: A Space to Build Bridges	000637	000485	000531	000345	000366	000766	000808	000365	000287	000820	https://dhq.digitalhumanities.org/vol/13/1/000413/000413.html
000414	2019	Hannah Schwan | Janina Jacke | Rabea Kleymann | Jan-Erik Stange | Marian Dörk	University of Applied Sciences Potsdam | University of Hamburg | University of Hamburg | ATLAS.ti | University of Applied Sciences Potsdam	Hannah Schwan, University of Applied Sciences Potsdam; Janina Jacke, University of Hamburg; Rabea Kleymann, University of Hamburg; Jan-Erik Stange, ATLAS.ti; Marian Dörk, University of Applied Sciences Potsdam	Narrelations — Visualizing Narrative Levels and their Correlations with Temporal Phenomena	000227	000327	000058	000337	000323	000734	000205	000320	000156	000405	https://dhq.digitalhumanities.org/vol/13/3/000414/000414.html
000415	2019	Costas Papadopoulos | Susan Schreibman	Maastricht University | Maastricht University	Costas Papadopoulos, Maastricht University; Susan Schreibman, Maastricht University	Towards 3D Scholarly Editions: The Battle of Mount Street Bridge	000400	000467	000031	000296	000482	000105	000808	000396	000089	000026	https://dhq.digitalhumanities.org/vol/13/1/000415/000415.html
000416	2019	Tarez Samra Graban | Paul Marty | Allen Romano | Micah Vandegrift	Florida State University | Florida State University | Florida State University | NC State University	Tarez Samra Graban, Florida State University; Paul Marty, Florida State University; Allen Romano, Florida State University; Micah Vandegrift, NC State University	Introduction: Questioning Collaboration, Labor, and Visibility in Digital Humanities Research	000776	000209	000820	000761	000233	000634	000769	000202	000134	000833	https://dhq.digitalhumanities.org/vol/13/2/000416/000416.html
000417	2019	Matthew Kelly	University of Texas, Tyler	Matthew Kelly, University of Texas, Tyler	Interlude: Gaining Access, Gaming Access: Balancing Internal and External Support For Interactive Digital Projects	000085	000304	000310	000402	000543	000591	000385	000157	000323	000407	https://dhq.digitalhumanities.org/vol/13/2/000417/000417.html
000418	2019	Hélène Huet | Suzan Alteri | Laurie N. Taylor	University of Florida | University of Florida | University of Florida	Hélène Huet, University of Florida; Suzan Alteri, University of Florida; Laurie N. Taylor, University of Florida	Manifesto: A Life on the Hyphen: Balancing Identities as Librarians, Scholars, and Digital Practitioners	000464	000287	000112	000167	000095	000193	000134	000689	000441	000163	https://dhq.digitalhumanities.org/vol/13/2/000418/000418.html
000419	2019	Courtney Rivard | Taylor Arnold | Lauren Tilton	University of North Carolina, Chapel Hill | University of Richmond | University of Richmond	Courtney Rivard, University of North Carolina, Chapel Hill; Taylor Arnold, University of Richmond; Lauren Tilton, University of Richmond	Building Pedagogy into Project Development: Making Data Construction Visible in Digital Projects	000384	000306	000594	000402	000386	000310	000119	000178	000407	000304	https://dhq.digitalhumanities.org/vol/13/2/000419/000419.html
000420	2019	Kathleen Kasten-Mutkus | Laura Costello | Darren Chase	Stony Brook University | Rutgers University | SUNY Oneonta	Kathleen Kasten-Mutkus, Stony Brook University; Laura Costello, Rutgers University; Darren Chase, SUNY Oneonta	Raising Visibility in the Digital Humanities Landscape: Academic Engagement and the Question of the Library’s Role	000584	000320	000474	000061	000222	000661	000089	000473	000515	000593	https://dhq.digitalhumanities.org/vol/13/2/000420/000420.html
000421	2019	Dawn Opel | Michael Simeone	Michigan State University | Arizona State University	Dawn Opel, Michigan State University; Michael Simeone, Arizona State University	The Invisible Work of the Digital Humanities Lab: Preparing Graduate Students for Emergent Intellectual and Professional Work	000322	000305	000304	000419	000047	000310	000233	000393	000067	000063	https://dhq.digitalhumanities.org/vol/13/2/000421/000421.html
000422	2019	Dr. Jeanie Austin	San Francisco Public Library	Dr. Jeanie Austin, San Francisco Public Library	Affective Absence: Risks in the Institutionalization of the FemTechNet Archive	000404	000465	000491	000174	000372	000625	000227	000173	000469	000565	https://dhq.digitalhumanities.org/vol/13/2/000422/000422.html
000423	2019	Melinda Weinstein | Edward Voss | David Soll	Lawrence Technological University | University of Iowa | University of Iowa	Melinda Weinstein, Lawrence Technological University; Edward Voss, University of Iowa; David Soll, University of Iowa	Dendrography and Art History: a computer-assisted analysis of Cézanne’s Bathers.	000359	000494	000517	000019	000184	000074	000374	000384	000238	000193	https://dhq.digitalhumanities.org/vol/13/3/000423/000423.html
000424	2024	Hilary Havens | Eliza Alexander Wilcox | Meredith L. Hale | Jamie Kramer	University of Tennessee, Knoxville | University of Tennessee, Knoxville | University of Tennessee, Knoxville | University of Tennessee, Knoxville	Hilary Havens, University of Tennessee, Knoxville; Eliza Alexander Wilcox, University of Tennessee, Knoxville; Meredith L. Hale, University of Tennessee, Knoxville; Jamie Kramer, University of Tennessee, Knoxville	From Archive to Database: Using Crowdsourcing, TEI, and Collaborative Labor to Construct the Maria Edgeworth Letters Project	000231	000430	000761	000449	000293	000202	000491	000864	000245	000124	https://dhq.digitalhumanities.org/vol/18/2/000424/000424.html
000425	2019	Amelia Chesley	Northwestern State University of Louisiana	Amelia Chesley, Northwestern State University of Louisiana	The In/Visible, In/Audible Labor of Digitizing the Public Domain	000125	000327	000034	000536	000035	000215	000790	000029	000529	000024	https://dhq.digitalhumanities.org/vol/13/2/000425/000425.html
000426	2019	Adam James Bradley | Victor Sawal | Sheelagh Carpendale | Christopher Collins	Ontario Tech University | Ontario Tech University | University of Calgary | Ontario Tech University	Adam James Bradley, Ontario Tech University; Victor Sawal, Ontario Tech University; Sheelagh Carpendale, University of Calgary; Christopher Collins, Ontario Tech University	Textension: Digitally Augmenting Document Spaces in Analog Texts	000709	000708	000546	000481	000067	000091	000384	000275	000735	000035	https://dhq.digitalhumanities.org/vol/13/3/000426/000426.html
000427	2019	Kelly Baker Josephs	York College and The Graduate Center, City University of New York	Kelly Baker Josephs, York College and The Graduate Center, City University of New York	DH Moments, Caribbean Considerations: On Reaction, Response, and Relevance in the Digital Humanities	000448	000837	000632	000211	000764	000637	000170	000216	000671	000450	https://dhq.digitalhumanities.org/vol/13/3/000427/000427.html
000428	2019	Cait Coker | Kate Ozment	University of Illinois at Urbana-Champaign | California State Polytechnic University, Pomona	Cait Coker, University of Illinois at Urbana-Champaign; Kate Ozment, California State Polytechnic University, Pomona	Building the Women in Book History Bibliography, or Digital Enumerative Bibliography as Preservation of Feminist Labor.	000565	000156	000108	000174	000524	000227	000595	000173	000040	000422	https://dhq.digitalhumanities.org/vol/13/3/000428/000428.html
000429	2019	Cara Marta Messina	Northeastern University	Cara Marta Messina, Northeastern University	"These Violent Delights": A Review of Timothy J. Welsh’s Mixed Realism: Videogames and the Violence of Fiction	000339	000122	000085	000433	000356	000165	000002	000129	000098	000202	https://dhq.digitalhumanities.org/vol/13/3/000429/000429.html
000430	2019	Desmond Schmidt	Charles Harpur Critical Archive	Desmond Schmidt, Charles Harpur Critical Archive	A Model of Versions and Layers	000424	000004	000187	000245	000027	000293	000052	000030	000288	000144	https://dhq.digitalhumanities.org/vol/13/3/000430/000430.html
000431	2019	Christoph Aurnhammer | Iris Cuppen | Inge van de Ven | Menno van Zaanen	Department of Language Sciene and Technology, Saarland University | Bakken & Bæck | Tilburg School of Humanities and Digital Sciences | South African Centre for Digital Language Resources, North-West University, Potchefstroom, South Africa	Christoph Aurnhammer, Department of Language Sciene and Technology, Saarland University; Iris Cuppen, Bakken & Bæck; Inge van de Ven, Tilburg School of Humanities and Digital Sciences; Menno van Zaanen, South African Centre for Digital Language Resources, North-West University, Potchefstroom, South Africa	Manual Annotation of Unsupervised Models: Close and Distant Reading of Politics on Reddit	000123	000111	000720	000026	000726	000078	000800	000727	000725	000474	https://dhq.digitalhumanities.org/vol/13/3/000431/000431.html
000432	2024	Himadri Agarwal	University of Maryland	Himadri Agarwal, University of Maryland	Gamer Trouble: A Review	000448	000208	000216	000211	000644	000209	000645	000718	000217	000450	https://dhq.digitalhumanities.org/vol/18/1/000432/000432.html
000433	2019	Steven Braun	Northeastern University	Steven Braun, Northeastern University	Cosmopolitanism, Japaneseness, and Video Game Studies: A Review of Mia Consalvo's Atari to Zelda: Japan's Videogames in Global Contexts	000281	000128	000696	000355	000458	000434	000327	000248	000204	000545	https://dhq.digitalhumanities.org/vol/13/4/000433/000433.html
000434	2019	Peter Broadwell | Jack W. Chen | David Shepard	Center for Interdisciplinary Research, Stanford University | University of Virginia | Scholarly Innovation Lab, UCLA	Peter Broadwell, Center for Interdisciplinary Research, Stanford University; Jack W. Chen, University of Virginia; David Shepard, Scholarly Innovation Lab, UCLA	Reading the Quan Tang shi: Literary History, Topic Modeling, Divergence Measures	000189	000490	000382	000481	000649	000281	000816	000679	000673	000104	https://dhq.digitalhumanities.org/vol/13/4/000434/000434.html
000435	2019	Samantha Blickhan	Zooniverse & Adler Planetarium	Samantha Blickhan, Zooniverse & Adler Planetarium	Creating a User Manual for Healthy Crowd Engagement: A Review of Mark Hedges and Stuart Dunn's Academic Crowdsourcing in the Humanities: Crowds, Communities and Co-production	000209	000776	000217	000634	000233	000202	000197	000097	000741	000112	https://dhq.digitalhumanities.org/vol/13/4/000435/000435.html
000436	2019	Andrew Ravenscroft | Colin Allen	Cass School of Education and Communities, University of East London, UK | History and Philosophy of Science, University of Pittsburgh, USA; Philosophy, Xi’an Jiaotong University, Xi’an, China	Andrew Ravenscroft, Cass School of Education and Communities, University of East London, UK; Colin Allen, History and Philosophy of Science, University of Pittsburgh, USA; Philosophy, Xi’an Jiaotong University, Xi’an, China	Finding and Interpreting Arguments: An Important Challenge for Humanities Computing and Scholarly Practice	000471	000403	000232	000034	000211	000334	000404	000119	000563	000454	https://dhq.digitalhumanities.org/vol/13/4/000436/000436.html
000437	2020	Richard Snyder	Washington State University	Richard Snyder, Washington State University	Review of Sean Cubitt’s Finite Media: Environmental Implications of Digital Technologies	000361	000106	000118	000011	000102	000397	000308	000015	000344	000457	https://dhq.digitalhumanities.org/vol/14/4/000437/000437.html
000438	2019	Samuel J. Huskey | Jeffrey C. Witt	University of Oklahoma | Loyola University Maryland	Samuel J. Huskey, University of Oklahoma; Jeffrey C. Witt, Loyola University Maryland	Decoupling Quality Control and Publication: The Digital Latin Library and the Traveling Imprimatur.	000444	000035	000034	000029	000475	000385	000396	000013	000777	000024	https://dhq.digitalhumanities.org/vol/13/4/000438/000438.html
000439	2019	Nathan Sullivan	Texas A&M University-Central Texas	Nathan Sullivan, Texas A&M University-Central Texas	Persuasive Physical Computing: A Review of David M. Rieder’s Suasive Iterations: Rhetoric, Writing, & Physical Computing	000361	000110	000122	000118	000120	000351	000568	000214	000385	000076	https://dhq.digitalhumanities.org/vol/13/4/000439/000439.html
000440	2019	Peter Meindertsma	Department of Language Technology - Computational Linguistics, University of Groningen, Netherlands	Peter Meindertsma, Department of Language Technology - Computational Linguistics, University of Groningen, Netherlands	Changes in Lyrical and Hit Diversity of Popular U.S. Songs 1956-2016	000170	000328	000738	000434	000300	000263	000808	000550	000343	000034	https://dhq.digitalhumanities.org/vol/13/4/000440/000440.html
000441	2019	Jessica Wagner Webster	Baruch College, City University of New York	Jessica Wagner Webster, Baruch College, City University of New York	Digital Collaborations: A Survey Analysis of Digital Humanities Partnerships Between Librarians and Other Academics	000089	000470	000628	000365	000631	000336	000358	000701	000213	000321	https://dhq.digitalhumanities.org/vol/13/4/000441/000441.html
000442	2020	Gila Prebor | Maayan Zhitomirsky-Geffet | Isaac Miller	Department of Information Science Bar-Ilan University, Ramat Gan, 52900, Israel | Department of Information Science Bar-Ilan University, Ramat Gan, 52900, Israel | Department of Information Science Bar-Ilan University, Ramat Gan, 52900, Israel	Gila Prebor, Department of Information Science Bar-Ilan University, Ramat Gan, 52900, Israel; Maayan Zhitomirsky-Geffet, Department of Information Science Bar-Ilan University, Ramat Gan, 52900, Israel; Isaac Miller, Department of Information Science Bar-Ilan University, Ramat Gan, 52900, Israel	A multi-dimensional ontology-based analysis of the Censorship of Hebrew Manuscripts	000382	000029	000247	000738	000574	000447	000283	000770	000398	000027	https://dhq.digitalhumanities.org/vol/14/1/000442/000442.html
000443	2020	Melinda A. Cro | Sara K. Kearns	Kansas State University | Kansas State University	Melinda A. Cro, Kansas State University; Sara K. Kearns, Kansas State University	Developing a Process-Oriented, Inclusive Pedagogy: At the Intersection of Digital Humanities, Second Language Acquisition, and New Literacies	000323	000193	000314	000320	000478	000327	000274	000063	000491	000311	https://dhq.digitalhumanities.org/vol/14/1/000443/000443.html
000444	2020	Kevin Chovanec	Christian Brothers University	Kevin Chovanec, Christian Brothers University	Episodic Theater and the Digital Text: Editing the Traveling Players’ Fortunatus	000438	000035	000029	000034	000475	000385	000007	000396	000777	000025	https://dhq.digitalhumanities.org/vol/14/1/000444/000444.html
000445	2020	Melvin Wevers | Jianbo Gao | Kirstoffer L. Nielbo	Digital Humanities Lab, KNAW Humanities Cluster, Netherlands | Center for Geodata and Analysis, Faculty of Geographical Science, Beijing Normal University, Beijing, China | Center for Humanities Computing Aarhus, Aarhus University, Denmark	Melvin Wevers, Digital Humanities Lab, KNAW Humanities Cluster, Netherlands; Jianbo Gao, Center for Geodata and Analysis, Faculty of Geographical Science, Beijing Normal University, Beijing, China; Kirstoffer L. Nielbo, Center for Humanities Computing Aarhus, Aarhus University, Denmark	Tracking the Consumption Junction: Temporal Dependencies between Articles and Advertisements in Dutch Newspapers	000458	000343	000145	000342	000622	000263	000482	000808	000442	000434	https://dhq.digitalhumanities.org/vol/14/2/000445/000445.html
000446	2020	Brian M. Watson	Indiana University — Bloomington	Brian M. Watson, Indiana University — Bloomington	Rogue Performances: A Review of Abigail De Kosnik’s Rogue Archives: Digital Cultural Memory and Media Fandom	000640	000524	000635	000161	000321	000047	000324	000484	000625	000076	https://dhq.digitalhumanities.org/vol/14/1/000446/000446.html
000447	2020	Marcello Vitali-Rosati | Servanne Monjour | Joana Casenave | Elsa Bouchard | Margot Mellet	University of Montreal | University of Montreal | University of Montreal | University of Montreal | University of Montreal	Marcello Vitali-Rosati, University of Montreal; Servanne Monjour, University of Montreal; Joana Casenave, University of Montreal; Elsa Bouchard, University of Montreal; Margot Mellet, University of Montreal	Editorializing the Greek Anthology: The palatin manuscript as a collective imaginary	000029	000030	000272	000247	000382	000538	000523	000237	000592	000025	https://dhq.digitalhumanities.org/vol/14/1/000447/000447.html
000448	2020	Sharon Block	UC-Irvine	Sharon Block, UC-Irvine	Erasure, Misrepresentation and Confusion: Investigating JSTOR Topics on Women’s and Race Histories	000148	000808	000355	000757	000610	000513	000432	000223	000761	000034	https://dhq.digitalhumanities.org/vol/14/1/000448/000448.html
000449	2020	Anna Bellotto	University of Vienna	Anna Bellotto, University of Vienna	Medieval manuscript descriptions and the Semantic Web: analysing the impact of CIDOC CRM on Italian codicological-paleographical data	000424	000064	000231	000058	000027	000061	000344	000382	000071	000412	https://dhq.digitalhumanities.org/vol/14/1/000449/000449.html
000450	2020	Elizabeth Callaway | Jeffrey Turner | Heather Stone | Adam Halstrom	University of Utah | University of Utah | TETON Sports | University of Utah	Elizabeth Callaway, University of Utah; Jeffrey Turner, University of Utah; Heather Stone, TETON Sports; Adam Halstrom, University of Utah	The Push and Pull of Digital Humanities: Topic Modeling the What is digital humanities? Genre	000202	000465	000217	000734	000448	000208	000201	000211	000089	000209	https://dhq.digitalhumanities.org/vol/14/1/000450/000450.html
000451	2020	Christoph Wick | Christian Reul | Frank Puppe	Universität Würzburg, Chair of Computer Science VI | Centre for Philology and Digitality; University of Würzburg | Universität Würzburg, Chair of Computer Science VI	Christoph Wick, Universität Würzburg, Chair of Computer Science VI; Christian Reul, Centre for Philology and Digitality; University of Würzburg; Frank Puppe, Universität Würzburg, Chair of Computer Science VI	Calamari − A High-Performance Tensorflow-based Deep Learning Package for Optical Character Recognition	000577	000173	000469	000372	000227	000071	000003	000708	000265	000157	https://dhq.digitalhumanities.org/vol/14/2/000451/000451.html
000452	2020	Sarita Albagli | Hesley Py | Allan Yu Iwama	Instituto Brasileiro de Informação em Ciência e Tecnologia (IBICT) | Instituto Brasileiro de Geografia e Estatística (IBGE) | Universidad de Los Lagos - Centro de Estudios del Desarrollo Regional y Políticas Públicas (CEDER)	Sarita Albagli, Instituto Brasileiro de Informação em Ciência e Tecnologia (IBICT); Hesley Py, Instituto Brasileiro de Geografia e Estatística (IBGE); Allan Yu Iwama, Universidad de Los Lagos - Centro de Estudios del Desarrollo Regional y Políticas Públicas (CEDER)	Geovisualização de dados e ciência aberta e cidadã - a experiência da Plataforma LindaGeo	000294	000621	000808	000460	000819	000184	000205	000304	000091	000510	https://dhq.digitalhumanities.org/vol/14/2/000452/000452.html
000453	2020	Cláudio José Silva Ribeiro | Suemi Higuchi | Luis Antonio Coelho Ferla	Universidade Federal do Estado do Rio de Janeiro — Unirio | Fundação Getulio Vargas | Universidade Federal de São Paulo	Cláudio José Silva Ribeiro, Universidade Federal do Estado do Rio de Janeiro — Unirio; Suemi Higuchi, Fundação Getulio Vargas; Luis Antonio Coelho Ferla, Universidade Federal de São Paulo	Aproximações ao cenário das humanidades digitais no Brasil	000365	000221	000312	000401	000355	000366	000345	000637	000808	000353	https://dhq.digitalhumanities.org/vol/14/2/000453/000453.html
000454	2020	Barbara McGillivray | Thierry Poibeau | Pablo Ruiz Fabo	The Alan Turing Institute and University of Cambridge | CNRS / Ecole normale supérieure — PSL/ Université Sorbonne nouvelle | Laboratoire LiLPa, Université de Strasbourg	Barbara McGillivray, The Alan Turing Institute and University of Cambridge; Thierry Poibeau, CNRS / Ecole normale supérieure — PSL/ Université Sorbonne nouvelle; Pablo Ruiz Fabo, Laboratoire LiLPa, Université de Strasbourg	Digital Humanities and Natural Language Processing: "Je t’aime... Moi non plus"	000178	000121	000286	000071	000495	000211	000025	000078	000111	000184	https://dhq.digitalhumanities.org/vol/14/2/000454/000454.html
000455	2020	Paul A. Broyles	North Carolina State University	Paul A. Broyles, North Carolina State University	Digital Editions and Version Numbering	000040	000231	000175	000089	000179	000552	000308	000227	000307	000670	https://dhq.digitalhumanities.org/vol/14/2/000455/000455.html
000456	2020	Geoffrey Rockwell | Stéfan Sinclair	University of Alberta | McGill University	Geoffrey Rockwell, University of Alberta; Stéfan Sinclair, McGill University	Tremendous Mechanical Labor: Father Busa’s Algorithm	000150	000029	000708	000102	000468	000380	000004	000735	000047	000384	https://dhq.digitalhumanities.org/vol/14/3/000456/000456.html
000457	2020	Maria Clara Paixão de Sousa	Universidade de São Paulo	Maria Clara Paixão de Sousa, Universidade de São Paulo	Ler a prosa do mundo hoje	000369	000109	000122	000098	000120	000193	000108	000011	000541	000172	https://dhq.digitalhumanities.org/vol/14/2/000457/000457.html
000458	2020	Patricia Ferreira-Lopes	Escuela Técnica Superior de Arquitectura de la Universidad de Sevilla	Patricia Ferreira-Lopes, Escuela Técnica Superior de Arquitectura de la Universidad de Sevilla	Avanços no estudo das redes de itinerários da Península Ibérica no século XVI. Aplicando os SIGH para estudar a história da arquitetura	000482	000445	000682	000467	000263	000003	000370	000622	000679	000649	https://dhq.digitalhumanities.org/vol/14/2/000458/000458.html
000459	2020	Luís Corujo | Jorge Revez | Carlos Guardado da Silva	Universidade de Lisboa, Faculdade de Letras, Centro de Estudos Clássicos | Universidade de Lisboa, Faculdade de Letras, Centro de Estudos Clássicos | Universidade de Lisboa, Faculdade de Letras, Centro de Estudos Clássicos	Luís Corujo, Universidade de Lisboa, Faculdade de Letras, Centro de Estudos Clássicos; Jorge Revez, Universidade de Lisboa, Faculdade de Letras, Centro de Estudos Clássicos; Carlos Guardado da Silva, Universidade de Lisboa, Faculdade de Letras, Centro de Estudos Clássicos	Curadoria Digital e Custos – Exploração de abordagens e perceções	000661	000460	000029	000322	000666	000159	000305	000003	000473	000233	https://dhq.digitalhumanities.org/vol/14/2/000459/000459.html
000460	2020	Luis Ferla | Cecily Raynor	Universidade Federal de São Paulo | Universidade McGill	Luis Ferla, Universidade Federal de São Paulo; Cecily Raynor, Universidade McGill	Apresentação - Edição especial da DHQ em português	000820	000014	000294	000347	000666	000808	000617	000668	000459	000452	https://dhq.digitalhumanities.org/vol/14/2/000460/000460.html
000461	2020	John Shanahan | Robin Burke | Ana Lučić	DePaul University | University of Colorado — Boulder | Beckman Institute, University of Illinois	John Shanahan, DePaul University; Robin Burke, University of Colorado — Boulder; Ana Lučić, Beckman Institute, University of Illinois	Reading Chicago Reading: Quantitative Analysis of a Repeating Literary Program	000654	000313	000159	000661	000089	000343	000342	000582	000093	000730	https://dhq.digitalhumanities.org/vol/14/2/000461/000461.html
000462	2020	S.L. Ziegler	Louisiana State University Libraries	S.L. Ziegler, Louisiana State University Libraries	Open Data in Cultural Heritage Institutions: Can We Be Better Than Data Brokers?	000755	000782	000615	000667	000752	000061	000587	000035	000299	000761	https://dhq.digitalhumanities.org/vol/14/2/000462/000462.html
000463	2020	Jo Guldi	Southern Methodist University	Jo Guldi, Southern Methodist University	Scholarly Infrastructure as Critical Argument: Nine principles in a preliminary survey of the bibliographic and critical values expressed by scholarly web-portals for visualizing data	000452	000304	000629	000248	000290	000672	000206	000320	000479	000318	https://dhq.digitalhumanities.org/vol/14/3/000463/000463.html
000464	2020	Mila Oiva	University of Turku (Finland)	Mila Oiva, University of Turku (Finland)	The Chili and Honey of Digital Humanities Research:The Facilitation of the Interdisciplinary Transfer of Knowledge in Digital Humanities Centers	000119	000418	000127	000133	000015	000760	000134	000193	000232	000196	https://dhq.digitalhumanities.org/vol/14/3/000464/000464.html
000465	2020	James W. Malazita | Ezra J. Teboul | Hined Rafeh	Rensselaer Polytechnic Institute | Rensselaer Polytechnic Institute | Rensselaer Polytechnic Institute	James W. Malazita, Rensselaer Polytechnic Institute; Ezra J. Teboul, Rensselaer Polytechnic Institute; Hined Rafeh, Rensselaer Polytechnic Institute	Digital Humanities as Epistemic Cultures: How DH Labs Make Knowledge, Objects, and Subjects	000404	000734	000450	000457	000638	000422	000193	000661	000448	000217	https://dhq.digitalhumanities.org/vol/14/3/000465/000465.html
000466	2020	Urszula Pawlicka-Deger	Aalto University	Urszula Pawlicka-Deger, Aalto University	The Laboratory Turn: Exploring Discourses, Landscapes, and Models of Humanities Labs	000524	000481	000411	000321	000047	000038	000671	000484	000758	000820	https://dhq.digitalhumanities.org/vol/14/3/000466/000466.html
000467	2020	Maria J. Ferreira dos Santos	Department of Geography, University of Zurich	Maria J. Ferreira dos Santos, Department of Geography, University of Zurich	Reconstruir histórias da conservação da natureza na Califórnia: 1850 – 2010	000679	000031	000415	000294	000263	000273	000452	000458	000808	000482	https://dhq.digitalhumanities.org/vol/14/2/000467/000467.html
000468	2020	Aleksandra Kil	University of Wrocław (Poland)	Aleksandra Kil, University of Wrocław (Poland)	Excavating Infrastructure in the Analog Humanities’ Lab: An Analysis of Claude Lévi-Strauss’s Laboratoire d’anthropologie sociale	000380	000174	000227	000625	000456	000523	000184	000640	000312	000090	https://dhq.digitalhumanities.org/vol/14/3/000468/000468.html
000469	2020	Ana Jofre | Vincent Berardi | Kathleen P.J. Brennan | Aisha Cornejo | Carl Bennett | John Harlan	SUNY Polytechnic | Chapman University | University of Queensland | Chapman University | SUNY Polytechnic | SUNY Polytechnic	Ana Jofre, SUNY Polytechnic; Vincent Berardi, Chapman University; Kathleen P.J. Brennan, University of Queensland; Aisha Cornejo, Chapman University; Carl Bennett, SUNY Polytechnic; John Harlan, SUNY Polytechnic	Crowdsourcing Image Extraction and Annotation: Software Development and Case Study	000673	000510	000184	000173	000586	000869	000372	000313	000059	000227	https://dhq.digitalhumanities.org/vol/14/2/000469/000469.html
000470	2020	Rebekah Cummings | David S. Roh | Elizabeth Callaway	University of Utah | University of Utah | University of Utah	Rebekah Cummings, University of Utah; David S. Roh, University of Utah; Elizabeth Callaway, University of Utah	Organic and Locally Sourced: Growing a Digital Humanities Lab with an Eye Towards Sustainability	000631	000661	000159	000179	000669	000031	000198	000029	000321	000509	https://dhq.digitalhumanities.org/vol/14/3/000470/000470.html
000471	2020	Shanmugapriya T | Nirmala Menon	Indian Institute of Technology | Indian Institute of Technology	Shanmugapriya T, Indian Institute of Technology; Nirmala Menon, Indian Institute of Technology	Infrastructure and Social Interaction: Situated Research Practices in Digital Humanities in India	000808	000485	000215	000312	000468	000120	000177	000390	000531	000334	https://dhq.digitalhumanities.org/vol/14/3/000471/000471.html
000472	2020	Andreas Fickers | Tim van der Heijden	University of Luxembourg | University of Luxembourg	Andreas Fickers, University of Luxembourg; Tim van der Heijden, University of Luxembourg	Inside the Trading Zone: Thinkering in a Digital History Lab	000070	000174	000184	000620	000074	000468	000312	000375	000808	000116	https://dhq.digitalhumanities.org/vol/14/3/000472/000472.html
000473	2020	Kathi Inman Berens | Abbey Gaterud | Rachel Noorda	Portland State University | Chemeketa Community College | Portland State University	Kathi Inman Berens, Portland State University; Abbey Gaterud, Chemeketa Community College; Rachel Noorda, Portland State University	Ooligan Press: Building and Sustaining a Feminist Digital Humanities Lab at a R-2	000305	000029	000480	000319	000202	000340	000217	000174	000661	000734	https://dhq.digitalhumanities.org/vol/14/3/000473/000473.html
000474	2020	Lawrence Evalyn | C. E. M. Henderson | Julia King | Jessica Lockhart | Laura Mitchell | Suzanne Conklin Akbari	University of Toronto | University of Toronto’s Centre for Medieval Studies | University of Bergen, Norway | University of Toronto, Mississauga | St. Thomas More College, University of Saskatchewan | Institute for Advanced Study	Lawrence Evalyn, University of Toronto; C. E. M. Henderson, University of Toronto’s Centre for Medieval Studies; Julia King, University of Bergen, Norway; Jessica Lockhart, University of Toronto, Mississauga; Laura Mitchell, St. Thomas More College, University of Saskatchewan; Suzanne Conklin Akbari, Institute for Advanced Study	One Loveheart at a Time: The Language of Emoji and the Building of Affective Community in the Digital Medieval Studies Environment	000461	000193	000469	000358	000299	000418	000049	000638	000479	000209	https://dhq.digitalhumanities.org/vol/14/3/000474/000474.html
000475	2020	John Douglas Bradley	King's Digital Lab, King's College London	John Douglas Bradley, King's Digital Lab, King's College London	A Prosopography as Linked Open Data: Some Implications from DPRR	000034	000444	000438	000035	000335	000025	000573	000029	000529	000026	https://dhq.digitalhumanities.org/vol/14/2/000475/000475.html
000476	2020	Clarisse Bardiot	Université Polytechnique Hauts-de-France	Clarisse Bardiot, Université Polytechnique Hauts-de-France	Theatre analytics: developing software for theatre research	000043	000183	000159	000400	000357	000289	000029	000259	000275	000067	https://dhq.digitalhumanities.org/vol/14/3/000476/000476.html
000477	2020	Maciej Maryl | Costis Dallas | Jennifer Edmond | Jessie Labov | Ingrida Kelpšienė | Michelle Doran | Marta Kołodziejska | Klaudia Grabowska	Institute of Literary Research of the Polish Academy of Sciences, Poland | Faculty of Information, University of Toronto; Digital Curation Unit, IMSI-Athena Research Centre | School of Languages Literatures and Cultural Studies, Trinity College Dublin, Ireland; DARIAH -EU | Center for Media, Data, and Society, Central European University, Hungary | Vilnius University Faculty of Communication | Trinity College Dublin | Institute of Literary Research of the Polish Academy of Sciences, Poland | Institute of Literary Research of the Polish Academy of Sciences, Poland	Maciej Maryl, Institute of Literary Research of the Polish Academy of Sciences, Poland; Costis Dallas, Faculty of Information, University of Toronto; Digital Curation Unit, IMSI-Athena Research Centre; Jennifer Edmond, School of Languages Literatures and Cultural Studies, Trinity College Dublin, Ireland; DARIAH -EU; Jessie Labov, Center for Media, Data, and Society, Central European University, Hungary; Ingrida Kelpšienė, Vilnius University Faculty of Communication; Michelle Doran, Trinity College Dublin; Marta Kołodziejska, Institute of Literary Research of the Polish Academy of Sciences, Poland; Klaudia Grabowska, Institute of Literary Research of the Polish Academy of Sciences, Poland	A Case Study Protocol for Meta-Research into Digital Practices in the Humanities	000174	000319	000411	000321	000473	000350	000038	000671	000184	000401	https://dhq.digitalhumanities.org/vol/14/3/000477/000477.html
000478	2020	Natalie Philips | Alexander Babbitt | Soohyun Cho | Jessica Kane | Cody Mejeur | Craig Pearson	Michigan State University | Michigan State University | Michigan State University | Albion College | University at Buffalo | Michigan State University	Natalie Philips, Michigan State University; Alexander Babbitt, Michigan State University; Soohyun Cho, Michigan State University; Jessica Kane, Albion College; Cody Mejeur, University at Buffalo; Craig Pearson, Michigan State University	Creating Spaces for Interdisciplinary Research across Literature, Neuroscience, and DH: A Case Study of The Digital Humanities and Literary Cognition Lab (DHLC)	000320	000306	000319	000227	000323	000302	000330	000443	000177	000077	https://dhq.digitalhumanities.org/vol/14/3/000478/000478.html
000479	2020	Catherine DeRose | Peter Leonard	Yale University | Yale University	Catherine DeRose, Yale University; Peter Leonard, Yale University	Digital Humanities on Reserve: From Reading Room to Laboratory at Yale University Library	000227	000473	000661	000350	000304	000480	000805	000310	000306	000315	https://dhq.digitalhumanities.org/vol/14/3/000479/000479.html
000480	2020	Randa El Khatib | Alyssa Arbuckle | Lynne Siemens | Ray Siemens | Caroline Winter | ETCL Research Group	University of Victoria | University of Victoria | University of Victoria | University of Victoria | University of Victoria | University of Victoria	Randa El Khatib, University of Victoria; Alyssa Arbuckle, University of Victoria; Lynne Siemens, University of Victoria; Ray Siemens, University of Victoria; Caroline Winter, University of Victoria; ETCL Research Group, University of Victoria	An Open Lab? The Electronic Textual Cultures Lab in the Evolving Digital Humanities Landscape	000473	000306	000479	000304	000310	000320	000340	000034	000586	000217	https://dhq.digitalhumanities.org/vol/14/3/000480/000480.html
000481	2020	Ashley S. Lee | Poom Chiarawongse | Jo Guldi | Andras Zsom	Brown University | Brown University | Southern Methodist University | Brown University	Ashley S. Lee, Brown University; Poom Chiarawongse, Brown University; Jo Guldi, Southern Methodist University; Andras Zsom, Brown University	The Role of Critical Thinking in Humanities Infrastructure: The Pipeline Concept with a Study of HaToRI (Hansard Topic Relevance Identifier)	000184	000047	000388	000627	000197	000588	000081	000303	000735	000808	https://dhq.digitalhumanities.org/vol/14/3/000481/000481.html
000482	2020	Emma Slayton	Carnegie Mellon University	Emma Slayton, Carnegie Mellon University	Modeling Amerindian Sea Travel in the Early Colonial Caribbean	000458	000355	000679	000415	000343	000814	000396	000263	000467	000294	https://dhq.digitalhumanities.org/vol/14/4/000482/000482.html
000483	2020	Alex D. Ketchum	McGill University	Alex D. Ketchum, McGill University	Lost Spaces, Lost Technologies, and Lost People: Online History Projects Seek to Recover LGBTQ+ Spatial Histories	000640	000667	000415	000467	000593	000003	000473	000038	000321	000734	https://dhq.digitalhumanities.org/vol/14/3/000483/000483.html
000484	2020	Christine Barats | Valérie Schafer | Andreas Fickers	Cerlis, University of Paris Descartes | C²DH, University of Luxembourg | C²DH, University of Luxembourg	Christine Barats, Cerlis, University of Paris Descartes; Valérie Schafer, C²DH, University of Luxembourg; Andreas Fickers, C²DH, University of Luxembourg	Fading Away... The challenge of sustainability in digital studies	000035	000446	000219	000640	000215	000466	000483	000758	000036	000447	https://dhq.digitalhumanities.org/vol/14/3/000484/000484.html
000485	2020	Mila Oiva | Urszula Pawlicka-Deger	University of Turku (Finland) | Aalto University	Mila Oiva, University of Turku (Finland); Urszula Pawlicka-Deger, Aalto University	Lab and Slack. Situated Research Practices in Digital Humanities - Introduction to the DHQ Special Issue.	000471	000820	000808	000671	000468	000352	000054	000081	000311	000840	https://dhq.digitalhumanities.org/vol/14/3/000485/000485.html
000486	2020	Cody Mejeur	University at Buffalo, SUNY	Cody Mejeur, University at Buffalo, SUNY	Playing with Playthroughs: Distance Visualization and Narrative Form in Video Games	000227	000275	000166	000407	000819	000085	000205	000510	000337	000067	https://dhq.digitalhumanities.org/vol/14/3/000486/000486.html
000487	2020	Viktoria Brüggemann | Mark-Jan Bludau | Marian Dörk	University of Applied Sciences Potsdam | University of Applied Sciences Potsdam | University of Applied Sciences Potsdam	Viktoria Brüggemann, University of Applied Sciences Potsdam; Mark-Jan Bludau, University of Applied Sciences Potsdam; Marian Dörk, University of Applied Sciences Potsdam	The Fold: Rethinking Interactivity in Data Visualization	000819	000383	000205	000318	000290	000777	000135	000623	000315	000547	https://dhq.digitalhumanities.org/vol/14/3/000487/000487.html
000488	2024	Onyekachi Henry Ibekwe	University of Nigeria	Onyekachi Henry Ibekwe, University of Nigeria	Tractable Tensions: A Review of Digital Humanities: Knowledge and Critique in a Digital Age by David M. Berry and Anders Fagerjord	000193	000109	000172	000689	000450	000001	000636	000134	000837	000015	https://dhq.digitalhumanities.org/vol/18/1/000488/000488.html
000489	2020	David J. Birnbaum | Elena Spadini	University of Pittsburgh | Université de Lausanne	David J. Birnbaum, University of Pittsburgh; Elena Spadini, Université de Lausanne	Reassessing the locus of normalization in machine-assisted collation	000067	000184	000025	000709	000181	000043	000481	000583	000211	000222	https://dhq.digitalhumanities.org/vol/14/3/000489/000489.html
000490	2020	Diego Jiménez–Badillo | Patricia Murrieta–Flores | Bruno Martins | Ian Gregory | Mariana Favila-Vázquez | Raquel Liceras-Garrido	Museo del Templo Mayor, Instituto Nacional de Antropología e Historia | Digital Humanities Hub–History Department, Lancaster University | The Instituto de Engenharia de Sistemas e Computadores, Investigação e Desenvolvimento em Lisboa, INESC–ID, University of Lisbon | Digital Humanities Hub–History Department, Lancaster University | Museo del Templo Mayor, Instituto Nacional de Antropología e Historia | Digital Humanities Hub–History Department, Lancaster University	Diego Jiménez–Badillo, Museo del Templo Mayor, Instituto Nacional de Antropología e Historia; Patricia Murrieta–Flores, Digital Humanities Hub–History Department, Lancaster University; Bruno Martins, The Instituto de Engenharia de Sistemas e Computadores, Investigação e Desenvolvimento em Lisboa, INESC–ID, University of Lisbon; Ian Gregory, Digital Humanities Hub–History Department, Lancaster University; Mariana Favila-Vázquez, Museo del Templo Mayor, Instituto Nacional de Antropología e Historia; Raquel Liceras-Garrido, Digital Humanities Hub–History Department, Lancaster University	Developing Geographically Oriented NLP Approaches to Sixteenth–Century Historical Documents: Digging into Early Colonial Mexico	000434	000458	000442	000804	000263	000808	000482	000679	000469	000392	https://dhq.digitalhumanities.org/vol/14/4/000490/000490.html
000491	2020	Laura Matthew | Michael Bannister	Marquette University | Independent Programmer Analyst	Laura Matthew, Marquette University; Michael Bannister, Independent Programmer Analyst	The Form of the Content: The Digital Archive Nahuatl/Nawat in Central America	000529	000536	000227	000699	000327	000184	000323	000355	000025	000179	https://dhq.digitalhumanities.org/vol/14/4/000491/000491.html
000492	2024	Céline Thobois-Gupta	Trinity College Dublin	Céline Thobois-Gupta, Trinity College Dublin	A Review of James Little’s The Making of Samuel Beckett’s Not I / Pas moi, That Time / Cette fois and Footfalls / Pas (2021)	000325	000162	000161	000693	000707	000616	000378	000320	000734	000087	https://dhq.digitalhumanities.org/vol/18/2/000492/000492.html
000494	2020	Lauren G. Kilroy-Ewbank	Independent Art Historian	Lauren G. Kilroy-Ewbank, Independent Art Historian	Decolonizing "The Digital" in the Classroom: Reflections on the Intersection of Colonial Latin American Art History and Digital Art History Pedagogy	000393	000047	000019	000323	000384	000359	000419	000391	000787	000119	https://dhq.digitalhumanities.org/vol/14/4/000494/000494.html
000495	2020	Eva Hielscher	Independent Scholar	Eva Hielscher, Independent Scholar	The Phenomenon of Interwar City Symphonies: A Combined Methodology of Digital Tools and Traditional Film Analysis Methods to Study Visual Motifs and Structural Patterns of Experimental-Documentary City Films	000538	000469	000507	000523	000545	000496	000510	000500	000247	000697	https://dhq.digitalhumanities.org/vol/14/4/000495/000495.html
000496	2020	Jan-Hendrik Bakels | Matthias Grotkopp | Thomas Scherer | Jasper Stratil	Freie Universität Berlin | Freie Universität Berlin | Freie Universität Berlin | Freie Universität Berlin	Jan-Hendrik Bakels, Freie Universität Berlin; Matthias Grotkopp, Freie Universität Berlin; Thomas Scherer, Freie Universität Berlin; Jasper Stratil, Freie Universität Berlin	Matching Computational Analysis and Human Experience: Performative Arts and the Digital Humanities	000026	000495	000031	000178	000500	000545	000481	000400	000244	000355	https://dhq.digitalhumanities.org/vol/14/4/000496/000496.html
000497	2020	Eef Masson | Christian Gosvig Olesen | Nanne van Noord | Giovanna Fossati	University of Amsterdam / Rathenau Institute | Utrecht University / University of Amsterdam | University of Amsterdam / Netherlands Institute for Sound and Vision | University of Amsterdam / Eye Filmmuseum	Eef Masson, University of Amsterdam / Rathenau Institute; Christian Gosvig Olesen, Utrecht University / University of Amsterdam; Nanne van Noord, University of Amsterdam / Netherlands Institute for Sound and Vision; Giovanna Fossati, University of Amsterdam / Eye Filmmuseum	Exploring Digitised Moving Image Collections: The SEMIA Project, Visual Analysis and the Turn to Abstraction	000532	000521	000144	000869	000663	000027	000735	000003	000486	000372	https://dhq.digitalhumanities.org/vol/14/4/000497/000497.html
000498	2020	Agata Hołobut | Jan Rybicki	Jagiellonian University in Kraków | Jagiellonian University in Kraków	Agata Hołobut, Jagiellonian University in Kraków; Jan Rybicki, Jagiellonian University in Kraków	The Stylometry of Film Dialogue: Pros and Pitfalls	000357	000190	000170	000499	000342	000012	000506	000328	000034	000185	https://dhq.digitalhumanities.org/vol/14/4/000498/000498.html
000499	2020	Joanna Byszuk	Institute of Polish Language, Polish Academy of Sciences	Joanna Byszuk, Institute of Polish Language, Polish Academy of Sciences	The Voices of Doctor Who – How Stylometry Can be Useful in Revealing New Information About TV Series	000190	000341	000203	000377	000498	000313	000289	000687	000188	000528	https://dhq.digitalhumanities.org/vol/14/4/000499/000499.html
000500	2020	Barbara Flueckiger | Gaudenz Halter	University of Zurich | University of Zurich	Barbara Flueckiger, University of Zurich; Gaudenz Halter, University of Zurich	Methods and Advanced Tools for the Analysis of Film Colors in Digital Humanities	000178	000337	000620	000275	000386	000071	000384	000190	000496	000031	https://dhq.digitalhumanities.org/vol/14/4/000500/000500.html
000501	2021	Eric Kaltman | Joseph Osborn | Noah Wardrip-Fruin	Department of Computer Science, California State University Channel Islands | Department of Computer Science, Pomona College | Department of Computational Media, University of California, Santa Cruz	Eric Kaltman, Department of Computer Science, California State University Channel Islands; Joseph Osborn, Department of Computer Science, Pomona College; Noah Wardrip-Fruin, Department of Computational Media, University of California, Santa Cruz	From the Presupposition of Doom to the Manifestation of Code: Using Emulated Citation in the Study of Games and Cultural Software	000129	000059	000486	000455	000428	000350	000502	000662	000344	000181	https://dhq.digitalhumanities.org/vol/15/1/000501/000501.html
000502	2020	Mercedes I. Salomón Salazar	México - Biblioteca Histórica José María Lafragua; Benemérita Universidad Autónoma de Puebla	Mercedes I. Salomón Salazar, México - Biblioteca Histórica José María Lafragua; Benemérita Universidad Autónoma de Puebla	El Catálogo Colectivo de Marcas de Fuego. Avatares para conformar su canon de autoridades	000380	000783	000523	000059	000029	000047	000257	000227	000184	000195	https://dhq.digitalhumanities.org/vol/14/4/000502/000502.html
000503	2020	Nicole Gray	University of Nebraska-Lincoln	Nicole Gray, University of Nebraska-Lincoln	"Vivas to those who have failed:" Walt Whitman Electric and the (Digital) Humanities	000104	000115	000178	000155	000199	000434	000619	000382	000151	000018	https://dhq.digitalhumanities.org/vol/14/4/000503/000503.html
000504	2021	Lukas Gienapp | Clara Kruckenberg | Manuel Burghardt	Leipzig University | Leipzig University | Leipzig University	Lukas Gienapp, Leipzig University; Clara Kruckenberg, Leipzig University; Manuel Burghardt, Leipzig University	Topological properties of music collaboration networks: The case of Jazz and Hip Hop	000335	000074	000092	000145	000761	000293	000363	000464	000609	000076	https://dhq.digitalhumanities.org/vol/15/1/000504/000504.html
000505	2021	John Bonnett | Joe Bolton | William Ralph | Amy Legault | Erin MacAfee | Michael Winter | Chris Jaques | Mark Anderson	Brock University | Business Insight 3 | Brock University | Billyard Insurance Group | University of Ottawa | Brock University | Badal.io | Independent Consultant	John Bonnett, Brock University; Joe Bolton, Business Insight 3; William Ralph, Brock University; Amy Legault, Billyard Insurance Group; Erin MacAfee, University of Ottawa; Michael Winter, Brock University; Chris Jaques, Badal.io; Mark Anderson, Independent Consultant	Annotating our Environs with the Sound and Sight of Numbers: The DataScapes Project	000514	000400	000398	000521	000688	000508	000180	000395	000049	000029	https://dhq.digitalhumanities.org/vol/15/1/000505/000505.html
000506	2021	Peter Broadwell | Timothy R. Tangherlini	Stanford University | University of Calfornia, Berkeley	Peter Broadwell, Stanford University; Timothy R. Tangherlini, University of Calfornia, Berkeley	Comparative K-Pop Choreography Analysis through Deep-Learning Pose Estimation across a Large Video Corpus	000357	000707	000045	000490	000448	000042	000355	000170	000445	000291	https://dhq.digitalhumanities.org/vol/15/1/000506/000506.html
000507	2021	Joel Burges | Solvegia Armoskaite | Tiamat Fox | Darren Mueller | Joshua Romphf | Emily Sherwood | Madeline Ullrich	University of Rochester | University of Rochester | University of Rochester | University of Rochester | University of Rochester | University of Rochester | University of Rochester	Joel Burges, University of Rochester; Solvegia Armoskaite, University of Rochester; Tiamat Fox, University of Rochester; Darren Mueller, University of Rochester; Joshua Romphf, University of Rochester; Emily Sherwood, University of Rochester; Madeline Ullrich, University of Rochester	Audiovisualities out of Annotation: Three Case Studies in Teaching Digital Annotation with Mediate	000056	000173	000169	000538	000495	000523	000227	000372	000166	000275	https://dhq.digitalhumanities.org/vol/15/1/000507/000507.html
000508	2021	Michael J. Kramer	SUNY Brockport	Michael J. Kramer, SUNY Brockport	What Does A Photograph Sound Like? Digital Image Sonification As Synesthetic AudioVisual Digital Humanities	000521	000546	000542	000760	000658	000336	000622	000187	000761	000505	https://dhq.digitalhumanities.org/vol/15/1/000508/000508.html
000509	2021	Stephanie Sapienza | Eric Hoyt | Matt St. John | Ed Summers | JJ Bersch	Maryland Institute for Technology in the Humanities | University of Wisconsin-Madison | University of Wisconsin-Madison | Maryland Institute for Technology in the Humanities | University of Wisconsin-Madison	Stephanie Sapienza, Maryland Institute for Technology in the Humanities; Eric Hoyt, University of Wisconsin-Madison; Matt St. John, University of Wisconsin-Madison; Ed Summers, Maryland Institute for Technology in the Humanities; JJ Bersch, University of Wisconsin-Madison	Healing the Gap: Digital Humanities Methods for the Virtual Reunification of Split Media and Paper Collections	000600	000715	000660	000670	000589	000222	000593	000029	000179	000473	https://dhq.digitalhumanities.org/vol/15/1/000509/000509.html
000510	2021	Manolis Fragkiadakis | Victoria Nyst | Peter van der Putten	Leiden University | Leiden University | Leiden University	Manolis Fragkiadakis, Leiden University; Victoria Nyst, Leiden University; Peter van der Putten, Leiden University	Towards a User-Friendly Tool for Automated Sign Annotation: Identification and Annotation of Time Slots, Number of Hands, and Handshape	000034	000075	000275	000469	000486	000538	000337	000166	000819	000734	https://dhq.digitalhumanities.org/vol/15/1/000510/000510.html
000511	2021	Jenny Oyallon-Koloski | Dora Valkanova | Michael J. Junokas | Kayt MacMaster | Sarah Marks Mininsohn	University of Illinois at Urbana–Champaign | University of Illinois at Urbana–Champaign | University of Illinois at Urbana–Champaign | University of Illinois at Urbana–Champaign | University of Illinois at Urbana–Champaign	Jenny Oyallon-Koloski, University of Illinois at Urbana–Champaign; Dora Valkanova, University of Illinois at Urbana–Champaign; Michael J. Junokas, University of Illinois at Urbana–Champaign; Kayt MacMaster, University of Illinois at Urbana–Champaign; Sarah Marks Mininsohn, University of Illinois at Urbana–Champaign	Moving Cinematic History: Filmic Analysis through Performative Research	000407	000521	000190	000166	000506	000486	000532	000517	000688	000386	https://dhq.digitalhumanities.org/vol/15/1/000511/000511.html
000512	2021	Tanya E. Clement | Liz Fischer	University of Texas at Austin | University of Texas at Austin	Tanya E. Clement, University of Texas at Austin; Liz Fischer, University of Texas at Austin	Audiated Annotation from the Middle Ages to the Open Web	000157	000173	000056	000543	000209	000148	000153	000670	000510	000035	https://dhq.digitalhumanities.org/vol/15/1/000512/000512.html
000513	2021	Alison Martin	Dartmouth College	Alison Martin, Dartmouth College	Hearing Change in the Chocolate City: Computational Methods for Listening to Gentrification	000571	000448	000761	000641	000003	000634	000273	000778	000330	000773	https://dhq.digitalhumanities.org/vol/15/1/000513/000513.html
000514	2021	Eugenia S. Kim	The Hong Kong Academy for Performing Arts	Eugenia S. Kim, The Hong Kong Academy for Performing Arts	Another Type of Human Narrative: Visualizing Movement Histories Through Motion Capture Data and Virtual Reality	000505	000400	000398	000370	000004	000718	000640	000288	000321	000446	https://dhq.digitalhumanities.org/vol/15/1/000514/000514.html
000515	2021	Allison Cooper | Fernando Nascimento | David Francis	Bowdoin College | Bowdoin College | Bowdoin College	Allison Cooper, Bowdoin College; Fernando Nascimento, Bowdoin College; David Francis, Bowdoin College	Exploring Film Language with a Digital Analysis Tool: the Case of Kinolab	000061	000538	000586	000327	000523	000355	000272	000507	000447	000279	https://dhq.digitalhumanities.org/vol/15/1/000515/000515.html
000516	2021	Tyechia L. Thompson | Dashiel Carrera	Virginia Tech | Virginia Tech	Tyechia L. Thompson, Virginia Tech; Dashiel Carrera, Virginia Tech	Afrofuturist Intellectual Mixtapes: A Classroom Case Study	000404	000193	000319	000320	000358	000591	000221	000330	000638	000314	https://dhq.digitalhumanities.org/vol/15/1/000516/000516.html
000517	2021	Matthia Sabatelli | Nikolay Banar | Marie Cocriamont | Eva Coudyzer | Karine Lasaracina | Walter Daelemans | Pierre Geurts | Mike Kestemont	Montefiore Institute | University of Antwerp | Royal Museums of Art and History, Brussels | Royal Institute for Cultural Heritage | Royal Museums of Fine Arts of Belgium, Brussels | University of Antwerp | University of Liège | University of Antwerp	Matthia Sabatelli, Montefiore Institute; Nikolay Banar, University of Antwerp; Marie Cocriamont, Royal Museums of Art and History, Brussels; Eva Coudyzer, Royal Institute for Cultural Heritage; Karine Lasaracina, Royal Museums of Fine Arts of Belgium, Brussels; Walter Daelemans, University of Antwerp; Pierre Geurts, University of Liège; Mike Kestemont, University of Antwerp	Advances in Digital Music Iconography: Benchmarking the detection of musical instruments in unrestricted, non-photorealistic images from the artistic domain	000560	000400	000469	000412	000494	000372	000015	000740	000275	000511	https://dhq.digitalhumanities.org/vol/15/1/000517/000517.html
000518	2020	Kader Pustu-Iren | Julian Sittel | Roman Mauer | Oksana Bulgakowa | Ralph Ewerth	Leibniz Information Centre of Science and Technology (TIB), Hannover, Germany | Institute for Film, Theatre and Empirical Cultural Studies, University of Mainz, Germany | Institute for Film, Theatre and Empirical Cultural Studies, University of Mainz, Germany | Institute for Film, Theatre and Empirical Cultural Studies, University of Mainz, Germany | Leibniz Information Centre of Science and Technology (TIB), Hannover, Germany; L3S Research Center, Leibniz University Hannover, Germany	Kader Pustu-Iren, Leibniz Information Centre of Science and Technology (TIB), Hannover, Germany; Julian Sittel, Institute for Film, Theatre and Empirical Cultural Studies, University of Mainz, Germany; Roman Mauer, Institute for Film, Theatre and Empirical Cultural Studies, University of Mainz, Germany; Oksana Bulgakowa, Institute for Film, Theatre and Empirical Cultural Studies, University of Mainz, Germany; Ralph Ewerth, Leibniz Information Centre of Science and Technology (TIB), Hannover, Germany; L3S Research Center, Leibniz University Hannover, Germany	Automated Visual Content Analysis for Film Studies: Current Status and Challenges	000507	000495	000500	000275	000121	000691	000454	000071	000496	000506	https://dhq.digitalhumanities.org/vol/14/4/000518/000518.html
000519	2021	Eric Hoyt | J.J. Bersch | Susan Noh | Samuel Hansen | Jacob Mertens | Jeremy Wade Morris	University of Wisconsin-Madison | University of Wisconsin-Madison | University of Wisconsin-Madison | University of Michigan and University of Wisconsin-Madison | University of Wisconsin-Madison | University of Wisconsin-Madison	Eric Hoyt, University of Wisconsin-Madison; J.J. Bersch, University of Wisconsin-Madison; Susan Noh, University of Wisconsin-Madison; Samuel Hansen, University of Michigan and University of Wisconsin-Madison; Jacob Mertens, University of Wisconsin-Madison; Jeremy Wade Morris, University of Wisconsin-Madison	PodcastRE Analytics: Using RSS to Study the Cultures and Norms of Podcasting	000667	000199	000288	000718	000444	000426	000782	000089	000205	000204	https://dhq.digitalhumanities.org/vol/15/1/000519/000519.html
000520	2021	Jeffrey A. T. Lupker | William J. Turkel	The University of Western Ontario | The University of Western Ontario	Jeffrey A. T. Lupker, The University of Western Ontario; William J. Turkel, The University of Western Ontario	Music Theory, the Missing Link Between Music-Related Big Data and Artificial Intelligence	000373	000517	000170	000522	000862	000808	000412	000826	000654	000516	https://dhq.digitalhumanities.org/vol/15/1/000520/000520.html
000521	2021	Jason Mittell	Middlebury College	Jason Mittell, Middlebury College	Deformin' in the Rain: How (and Why) to Break a Classic Film	000541	000193	000508	000542	000497	000663	000409	000372	000511	000015	https://dhq.digitalhumanities.org/vol/15/1/000521/000521.html
000522	2021	Iben Have | Kenneth Enevoldsen	Aarhus University | Aarhus University	Iben Have, Aarhus University; Kenneth Enevoldsen, Aarhus University	From close listening to distant listening: Developing tools for Speech-Music discrimination of Danish music radio	000577	000581	000735	000440	000458	000520	000682	000029	000223	000550	https://dhq.digitalhumanities.org/vol/15/1/000522/000522.html
000523	2021	Jean Carrive | Abdelkrim Beloued | Pascale Goetschel | Serge Heiden | Antoine Laurent | Pasquale Lisena | Franck Mazuet | Sylvain Meignier | Bénédicte Pincemin | Géraldine Poels | Raphaël Troncy	Institut National de l'Audiovisuel | Institut National de l'Audiovisuel | Centre d'Histoire Sociale des Mondes Contemporains | ENS Lyon | Laboratoire d'Informatique de l'Université du Mans | EURECOM | Centre d'Histoire Sociale des Mondes Contemporains | Laboratoire d'Informatique de l'Université du Mans | ENS Lyon | Institut National de l'Audiovisuel | EURECOM	Jean Carrive, Institut National de l'Audiovisuel; Abdelkrim Beloued, Institut National de l'Audiovisuel; Pascale Goetschel, Centre d'Histoire Sociale des Mondes Contemporains; Serge Heiden, ENS Lyon; Antoine Laurent, Laboratoire d'Informatique de l'Université du Mans; Pasquale Lisena, EURECOM; Franck Mazuet, Centre d'Histoire Sociale des Mondes Contemporains; Sylvain Meignier, Laboratoire d'Informatique de l'Université du Mans; Bénédicte Pincemin, ENS Lyon; Géraldine Poels, Institut National de l'Audiovisuel; Raphaël Troncy, EURECOM	Transdisciplinary Analysis of a Corpus of French Newsreels: The ANTRACT Project	000272	000538	000372	000003	000381	000640	000059	000625	000495	000502	https://dhq.digitalhumanities.org/vol/15/1/000523/000523.html
000524	2021	Mark Williams | John Bell	Dartmouth College | Dartmouth College	Mark Williams, Dartmouth College; John Bell, Dartmouth College	The Media Ecology Project: Collaborative DH Synergies to Produce New Research in Visual Culture History	000003	000047	000446	000324	000159	000029	000321	000040	000466	000670	https://dhq.digitalhumanities.org/vol/15/1/000524/000524.html
000525	2021	Alois Pichler	University of Bergen	Alois Pichler, University of Bergen	Hierarchical or Non-hierarchical? A Philosophical Approach to a Debate in Text Encoding	000108	000751	000004	000661	000140	000197	000588	000424	000449	000457	https://dhq.digitalhumanities.org/vol/15/1/000525/000525.html
000526	2021	Tobias Englmeier | Marco Büchler | Stefan Gerdjikov | Klaus U. Schulz	CIS, Ludwig-Maximilians University, Munich, Germany | Institute of Computer Science, University of Göttingen, Göttingen, Germany | FMI, University of Sofia "St. Kliment Ohridski", Sofia, Bulgaria | CIS, Ludwig-Maximilians University, Munich, Germany	Tobias Englmeier, CIS, Ludwig-Maximilians University, Munich, Germany; Marco Büchler, Institute of Computer Science, University of Göttingen, Göttingen, Germany; Stefan Gerdjikov, FMI, University of Sofia "St. Kliment Ohridski", Sofia, Bulgaria; Klaus U. Schulz, CIS, Ludwig-Maximilians University, Munich, Germany	Using an Advanced Text Index Structure for Corpus Exploration in Digital Humanities	000244	000263	000709	000368	000831	000012	000185	000034	000286	000170	https://dhq.digitalhumanities.org/vol/15/1/000526/000526.html
000527	2021	Emily Edwards | Robin Hershkowitz	Bowling Green State University | Bowling Green State University	Emily Edwards, Bowling Green State University; Robin Hershkowitz, Bowling Green State University	Books Aren't Dead: Resurrecting Audio Technology and Feminist Digital Humanities Approaches to Publication and Authorship	000202	000217	000473	000734	000700	000483	000670	000209	000034	000586	https://dhq.digitalhumanities.org/vol/15/1/000527/000527.html
000528	2020	Sarah-Mai Dang	Institute of Media Studies, Philipps-Universität Marburg	Sarah-Mai Dang, Institute of Media Studies, Philipps-Universität Marburg	Unknowable Facts and Digital Databases: Reflections on the Women Film Pioneers Project and Women in Film History	000483	000355	000448	000176	000047	000309	000481	000400	000545	000770	https://dhq.digitalhumanities.org/vol/14/4/000528/000528.html
000529	2020	George Aaron Broadwell | Moisés García Guzmán | Brook Danielle Lillehaugen | Felipe H. Lopez | May Helena Plumb | Mike Zarafonetis	University of Florida | pueblo of San Jerónimo Tlacochahuaya | Haverford College | Haverford College Libraries | University of Texas at Austin | Haverford College Libraries	George Aaron Broadwell, University of Florida; Moisés García Guzmán, pueblo of San Jerónimo Tlacochahuaya; Brook Danielle Lillehaugen, Haverford College; Felipe H. Lopez, Haverford College Libraries; May Helena Plumb, University of Texas at Austin; Mike Zarafonetis, Haverford College Libraries	Ticha: Collaboration with Indigenous communities to build digital resources on Zapotec language and history	000491	000327	000622	000034	000425	000029	000215	000667	000035	000842	https://dhq.digitalhumanities.org/vol/14/4/000529/000529.html
000530	2021	Sucharita Sarkar	D.T.S.S. College of Commerce, Mumbai, India	Sucharita Sarkar, D.T.S.S. College of Commerce, Mumbai, India	A Review of Intergenerational Connections in Digital Families	000202	000562	000271	000201	000842	000535	000499	000761	000298	000209	https://dhq.digitalhumanities.org/vol/15/1/000530/000530.html
000531	2020	Hannah Alpert-Abrams | Clayton McCarl	Independent Scholar | University of North Florida	Hannah Alpert-Abrams, Independent Scholar; Clayton McCarl, University of North Florida	Introduction: Digital Humanities & Colonial Latin American Studies	000543	000591	000077	000529	000483	000680	000147	000667	000777	000233	https://dhq.digitalhumanities.org/vol/14/4/000531/000531.html
000532	2020	Manuel Burghardt | Adelheid Heftberger | Johannes Pause | Niels-Oliver Walkowski | Matthias Zeppelzauer	Leipzig University, Germany | Bundesarchiv, Germany | Université du Luxembourg, Luxembourg | Université du Luxembourg, Luxembourg | St. Pölten University, Austria	Manuel Burghardt, Leipzig University, Germany; Adelheid Heftberger, Bundesarchiv, Germany; Johannes Pause, Université du Luxembourg, Luxembourg; Niels-Oliver Walkowski, Université du Luxembourg, Luxembourg; Matthias Zeppelzauer, St. Pölten University, Austria	Film and Video Analysis in the Digital Humanities – An Interdisciplinary Dialog	000497	000173	000193	000379	000386	000324	000047	000002	000541	000542	https://dhq.digitalhumanities.org/vol/14/4/000532/000532.html
000533	2020	Minh Hua | Rita Raley	University of California, Santa Barbara | University of California, Santa Barbara	Minh Hua, University of California, Santa Barbara; Rita Raley, University of California, Santa Barbara	Playing With Unicorns: AI Dungeon and Citizen NLP	000165	000628	000033	000757	000032	000705	000204	000849	000490	000323	https://dhq.digitalhumanities.org/vol/14/4/000533/000533.html
000534	2021	Melanie Conroy	The University of Memphis	Melanie Conroy, The University of Memphis	Networks, Maps, and Time: Visualizing Historical Networks Using Palladio	000067	000281	000402	000190	000562	000205	000091	000819	000400	000195	https://dhq.digitalhumanities.org/vol/15/1/000534/000534.html
000535	2021	Nanditha Narayanamoorthy	York University	Nanditha Narayanamoorthy, York University	A Review of Twitter and Tear Gas	000761	000629	000416	000769	000634	000590	000630	000271	000776	000530	https://dhq.digitalhumanities.org/vol/15/1/000535/000535.html
000536	2021	Samantha Fritz | Ian Milligan | Nick Ruest | Jimmy Lin	Department of History, University of Waterloo | Department of History, University of Waterloo | Digital Scholarship Infrastructure Department, York Univeristy | David R. Cheriton School of Computer Science, University of Waterloo	Samantha Fritz, Department of History, University of Waterloo; Ian Milligan, Department of History, University of Waterloo; Nick Ruest, Digital Scholarship Infrastructure Department, York Univeristy; Jimmy Lin, David R. Cheriton School of Computer Science, University of Waterloo	Fostering Community Engagement through Datathon Events: The Archives Unleashed Experience	000491	000424	000227	000129	000156	000425	000125	000327	000202	000372	https://dhq.digitalhumanities.org/vol/15/1/000536/000536.html
000537	2021	Hazel Wilkinson | James Briggs | Dirk Gorissen	University of Birmingham, UK | Graphcore | Machine Learning Ltd.	Hazel Wilkinson, University of Birmingham, UK; James Briggs, Graphcore; Dirk Gorissen, Machine Learning Ltd.	Computer Vision and the Creation of a Database of Printers’ Ornaments	000372	000108	000227	000678	000599	000240	000265	000003	000061	000327	https://dhq.digitalhumanities.org/vol/15/1/000537/000537.html
000538	2021	Gloria Mugelli | Federico Boschetti | Andrea Bellandi | Riccardo Del Gratta | Anas Fahad Khan | Andrea Taddei	Laboratorio di Antropologia del Mondo Antico, Università di Pisa | CoPhiLab, ILC, CNR Pisa | CoPhiLab, ILC, CNR Pisa | CoPhiLab, ILC, CNR Pisa | CoPhiLab, ILC, CNR Pisa | Laboratorio di Antropologia del Mondo Antico, Università di Pisa	Gloria Mugelli, Laboratorio di Antropologia del Mondo Antico, Università di Pisa; Federico Boschetti, CoPhiLab, ILC, CNR Pisa; Andrea Bellandi, CoPhiLab, ILC, CNR Pisa; Riccardo Del Gratta, CoPhiLab, ILC, CNR Pisa; Anas Fahad Khan, CoPhiLab, ILC, CNR Pisa; Andrea Taddei, Laboratorio di Antropologia del Mondo Antico, Università di Pisa	Annotating ritual in ancient Greek tragedy: a bottom-up approach in action	000507	000227	000355	000056	000447	000173	000272	000247	000031	000381	https://dhq.digitalhumanities.org/vol/15/1/000538/000538.html
000539	2021	Giulia Benotto	Extra Group	Giulia Benotto, Extra Group	Can an author style be unveiled through word distribution?	000566	000295	000146	000012	000286	000229	000203	000147	000606	000115	https://dhq.digitalhumanities.org/vol/15/1/000539/000539.html
000540	2021	Alison Langmead | Christopher J. Nygren | Paul Rodriguez | Alan Craig	University of Pittsburgh | University of Pittsburgh | San Diego Supercomputer Center | Independent Consultant and Researcher	Alison Langmead, University of Pittsburgh; Christopher J. Nygren, University of Pittsburgh; Paul Rodriguez, San Diego Supercomputer Center; Alan Craig, Independent Consultant and Researcher	Leonardo, Morelli, and the Computational Mirror	000029	000546	000372	000384	000537	000742	000074	000019	000735	000517	https://dhq.digitalhumanities.org/vol/15/1/000540/000540.html
000541	2021	Taylor Arnold | Stefania Scagliola | Lauren Tilton | Jasmijn Van Gorp	University of Richmond | Université du Luxembourg | University of Richmond | Utrecht University	Taylor Arnold, University of Richmond; Stefania Scagliola, Université du Luxembourg; Lauren Tilton, University of Richmond; Jasmijn Van Gorp, Utrecht University	Introduction: Special Issue on AudioVisual Data in DH	000193	000542	000521	000122	000507	000379	000409	000011	000332	000254	https://dhq.digitalhumanities.org/vol/15/1/000541/000541.html
000542	2021	Stefania Scagliola	Université du Luxembourg	Stefania Scagliola, Université du Luxembourg	Founding the Special Interest Group Audio-Visual in Digital Humanities: An Interview with Franciska de Jong, Martijn Kleppe, and Max Kemman	000541	000532	000507	000254	000193	000521	000369	000173	000091	000056	https://dhq.digitalhumanities.org/vol/15/1/000542/000542.html
000543	2021	Tracey El Hajj	University of Victoria	Tracey El Hajj, University of Victoria	Book Review: Digital Sound Studies (2018)	000531	000147	000233	000239	000253	000274	000542	000007	000591	000334	https://dhq.digitalhumanities.org/vol/15/1/000543/000543.html
000544	2021	Davor Lauc | Darko Vitek	Chair of Logic, Department of Philosophy, Faculty of Humanities and Social Sciences, University of Zagreb | Department of History, Centre of Croatian Studies, University of Zagreb	Davor Lauc, Chair of Logic, Department of Philosophy, Faculty of Humanities and Social Sciences, University of Zagreb; Darko Vitek, Department of History, Centre of Croatian Studies, University of Zagreb	Inferring standard name form, gender and nobility from historical texts using stable model semantics	000595	000381	000523	000333	000652	000272	000574	000538	000220	000405	https://dhq.digitalhumanities.org/vol/15/1/000544/000544.html
000545	2021	Edward Larkey	University of Maryland, Baltimore County	Edward Larkey, University of Maryland, Baltimore County	German Narratives in International Television Format Adaptations: Comparing Du und Ich (ZDF 2002) with Un Gars, Une Fille (Quebec 1997-2002)	000355	000338	000496	000448	000148	000495	000427	000440	000469	000434	https://dhq.digitalhumanities.org/vol/15/1/000545/000545.html
000546	2021	Giulia Freni	Classics Department, University of Siena	Giulia Freni, Classics Department, University of Siena	The First Steps of Digital Humanities: A Review of Tara L. Andrews and Caroline Macé’s Analysis of Ancient and Medieval Texts and Manuscripts: Digital Approaches	000071	000029	000620	000072	000047	000220	000374	000025	000184	000119	https://dhq.digitalhumanities.org/vol/15/3/000546/000546.html
000547	2021	Rabea Kleymann | Jan-Erik Stange	Leibniz Center for Literary and Cultural Research | Freie Universität Berlin	Rabea Kleymann, Leibniz Center for Literary and Cultural Research; Jan-Erik Stange, Freie Universität Berlin	Towards Hermeneutic Visualization in Digital Literary Studies	000193	000108	000703	000178	000341	000675	000414	000320	000871	000378	https://dhq.digitalhumanities.org/vol/15/2/000547/000547.html
000548	2021	Johannes Burgers	Ashoka University	Johannes Burgers, Ashoka University	Imagining the Continuously Present Past: Visualizing William Faulkner’s Narratives and Digital Yoknapatawpha	000227	000323	000019	000178	000327	000179	000387	000683	000047	000220	https://dhq.digitalhumanities.org/vol/15/2/000548/000548.html
000549	2021	Silvia Piccini | Andrea Bellandi | Emiliano Giovannetti	Institute for Computational Linguistics | Institute for Computational Linguistics | Institute for Computational Linguistics	Silvia Piccini, Institute for Computational Linguistics; Andrea Bellandi, Institute for Computational Linguistics; Emiliano Giovannetti, Institute for Computational Linguistics	A Model for Representing Diachronic Terminologies: the Saussure Case Study	000547	000279	000661	000515	000523	000465	000447	000169	000245	000620	https://dhq.digitalhumanities.org/vol/15/3/000549/000549.html
000550	2022	Jaap Verheul | Hannu Salmi | Martin Riedl | Asko Nivala | Lorella Viola | Jana Keck | Emily Bell	Utrecht University | University of Turku | University of Stuttgart | University of Turku | University of Luxembourg | German Historical Institute Washington | University of Leeds	Jaap Verheul, Utrecht University; Hannu Salmi, University of Turku; Martin Riedl, University of Stuttgart; Asko Nivala, University of Turku; Lorella Viola, University of Luxembourg; Jana Keck, German Historical Institute Washington; Emily Bell, University of Leeds	Using word vector models to trace conceptual change over time and space in historical newspapers, 1840–1914	000649	000490	000003	000263	000790	000034	000035	000029	000682	000458	https://dhq.digitalhumanities.org/vol/16/2/000550/000550.html
000551	2021	Marco Büchler	Institut für Angewandte Informatik (InfAI)	Marco Büchler, Institut für Angewandte Informatik (InfAI)	Introduction to Göttingen Dialogues 2016	000169	000670	000728	000646	000510	000624	000522	000425	000472	000805	https://dhq.digitalhumanities.org/vol/15/1/000551/000551.html
000552	2021	Mary Mcaleer Balkun | Diana Hope Polley	Seton Hall University | United States Air Force Academy	Mary Mcaleer Balkun, Seton Hall University; Diana Hope Polley, United States Air Force Academy	Going Digital: Teaching Crevecoeur in the Twenty-First Century	000660	000047	000455	000040	000084	000370	000516	000227	000089	000077	https://dhq.digitalhumanities.org/vol/15/2/000552/000552.html
000553	2021	David Lassner | Anne Baillot | Sergej Dogadov | Klaus-Robert Müller | Shinichi Nakajima	Machine Learning Group, Technische Universität Berlin | Le Mans Université | Machine Learning Group, Technische Universität Berlin | Machine Learning Group, Technische Universität Berlin; Berlin Big Data Center; Germany Department of Brain and Cognitive Engineering, Korea University; Max-Planck-Institut für Informatik; Germany Berliner Zentrum für Maschinelles Lernen | Machine Learning Group, Technische Universität Berlin; Germany Berlin Big Data Center; RIKEN Center for AIP	David Lassner, Machine Learning Group, Technische Universität Berlin; Anne Baillot, Le Mans Université; Sergej Dogadov, Machine Learning Group, Technische Universität Berlin; Klaus-Robert Müller, Machine Learning Group, Technische Universität Berlin; Berlin Big Data Center; Germany Department of Brain and Cognitive Engineering, Korea University; Max-Planck-Institut für Informatik; Germany Berliner Zentrum für Maschinelles Lernen; Shinichi Nakajima, Machine Learning Group, Technische Universität Berlin; Germany Berlin Big Data Center; RIKEN Center for AIP	Automatic Identification of Types of Alterations in Historical Manuscripts	000412	000555	000583	000469	000738	000043	000187	000056	000684	000517	https://dhq.digitalhumanities.org/vol/15/2/000553/000553.html
000554	2021	Christian Howard-Sukhil | Samantha Wallace | Ankita Chakrabarti	University of California, Berkeley | University of Virginia | University of Virginia	Christian Howard-Sukhil, University of California, Berkeley; Samantha Wallace, University of Virginia; Ankita Chakrabarti, University of Virginia	Developing Research through Podcasts: Circulating Spaces, A Case Study	000336	000173	000193	000114	000320	000056	000542	000108	000401	000260	https://dhq.digitalhumanities.org/vol/15/3/000554/000554.html
000555	2020	James Dobson	Dartmouth College	James Dobson, Dartmouth College	Interpretable Outputs: Criteria for Machine Learning in the Humanities	000126	000469	000043	000583	000019	000146	000684	000195	000517	000553	https://dhq.digitalhumanities.org/vol/15/2/000555/000555.html
000556	2021	Matthew Lavin	Data Analytics Program, Denison University	Matthew Lavin, Data Analytics Program, Denison University	Why Digital Humanists Should Emphasize Situated Data over Capta	000193	000001	000465	000457	000541	000689	000172	000109	000488	000135	https://dhq.digitalhumanities.org/vol/15/2/000556/000556.html
000557	2021	Hanna Musiol	Norwegian University of Science and Technology	Hanna Musiol, Norwegian University of Science and Technology	Beyond the Word: Immersion, Art, and Theory in Environmental and Digital Humanities Prototyping	000193	000239	000421	000306	000521	000177	000305	000494	000077	000570	https://dhq.digitalhumanities.org/vol/15/2/000557/000557.html
000558	2021	Aditi Nafde | Matt Coneys Wainwright | Kate Court | Fiona Galston | James Cummings | Tiago Sousa Garcia	Newcastle University | Newcastle University | Newcastle University | Newcastle University | Newcastle University | Newcastle University	Aditi Nafde, Newcastle University; Matt Coneys Wainwright, Newcastle University; Kate Court, Newcastle University; Fiona Galston, Newcastle University; James Cummings, Newcastle University; Tiago Sousa Garcia, Newcastle University	Hands-On Reading: An Experiment in Slow Digital Reading	000414	000356	000405	000599	000058	000313	000227	000265	000537	000479	https://dhq.digitalhumanities.org/vol/15/2/000558/000558.html
000559	2021	Dena Shamsizadeh Hayatdavoodi | Niloofar Razavi | Mehrdad Qayyoomi Bidhendi	Shahid Beheshti University | Faculty of Architecture & Urban Planning, Shahid Beheshti University | Faculty of Architecture & Urban Planning, Shahid Beheshti University	Dena Shamsizadeh Hayatdavoodi, Shahid Beheshti University; Niloofar Razavi, Faculty of Architecture & Urban Planning, Shahid Beheshti University; Mehrdad Qayyoomi Bidhendi, Faculty of Architecture & Urban Planning, Shahid Beheshti University	Probing Through Iranian Architectural History Within the Framework of an Ontology Development Process	000317	000808	000015	000070	000371	000540	000223	000161	000581	000359	https://dhq.digitalhumanities.org/vol/15/3/000559/000559.html
000560	2021	Sabine Lang | Björn Ommer	Interdisciplinary Center for Scientific Computing, Heidelberg Collaboratory for Image Processing, Heidelberg University | Interdisciplinary Center for Scientific Computing, Heidelberg Collaboratory for Image Processing, Heidelberg University	Sabine Lang, Interdisciplinary Center for Scientific Computing, Heidelberg Collaboratory for Image Processing, Heidelberg University; Björn Ommer, Interdisciplinary Center for Scientific Computing, Heidelberg Collaboratory for Image Processing, Heidelberg University	Transforming Information Into Knowledge: How Computational Methods Reshape Art History	000517	000740	000015	000011	000663	000521	000578	000540	000373	000742	https://dhq.digitalhumanities.org/vol/15/3/000560/000560.html
000561	2021	Roman Bleier	Centre for Information Modelling, University of Graz	Roman Bleier, Centre for Information Modelling, University of Graz	How to cite this digital edition?	000455	000017	000552	000047	000035	000662	000040	000370	000668	000046	https://dhq.digitalhumanities.org/vol/15/3/000561/000561.html
000562	2022	Erik Simpson | Hannah L.P. Brown | Lana Sabb | Olly Shortell | James Lee	Grinnell College | Department of Psychology, University of Florida | Grinnell College | Prescott College | University of Cincinnati	Erik Simpson, Grinnell College; Hannah L.P. Brown, Department of Psychology, University of Florida; Lana Sabb, Grinnell College; Olly Shortell, Prescott College; James Lee, University of Cincinnati	Networked Cross-Dressing: A Digital Refashioning of Shakespearean Gender Subversion	000400	000289	000842	000244	000026	000614	000534	000161	000629	000623	https://dhq.digitalhumanities.org/vol/16/3/000562/000562.html
000563	2021	Chiara Palladino | Maryam Foradi | Tariq Yousef	Classics, Furman University | University of Leipzig | Institute of Computer Science, University of Leipzig	Chiara Palladino, Classics, Furman University; Maryam Foradi, University of Leipzig; Tariq Yousef, Institute of Computer Science, University of Leipzig	Translation Alignment for Historical Language Learning: a Case Study	000323	000436	000249	000683	000025	000404	000709	000337	000393	000314	https://dhq.digitalhumanities.org/vol/15/3/000563/000563.html
000564	2023	Ali M. Rahman	UC Santa Barbara	Ali M. Rahman, UC Santa Barbara	A Review of Oral Tradition and the Internet: Pathways of the Mind by John Miles Foley	000616	000180	000197	000128	000108	000103	000115	000140	000389	000162	https://dhq.digitalhumanities.org/vol/17/4/000564/000564.html
000565	2021	Ryan Cordell	University of Illinois Urbana-Champaign	Ryan Cordell, University of Illinois Urbana-Champaign	Review: Katherine Bode's A World of Fiction	000595	000144	000156	000428	000189	000206	000528	000197	000097	000778	https://dhq.digitalhumanities.org/vol/15/3/000565/000565.html
000566	2021	Sean Weidman | Aaren Pastor	Pennsylvania State University | Pennsylvania State University	Sean Weidman, Pennsylvania State University; Aaren Pastor, Pennsylvania State University	Modernism and Gender at the Limits of Stylometry	000146	000295	000012	000428	000286	000734	000229	000203	000539	000499	https://dhq.digitalhumanities.org/vol/15/4/000566/000566.html
000567	2021	Clayton McCarl	University of North Florida	Clayton McCarl, University of North Florida	An Approach to Designing Project-Based Digital Humanities Internships	000311	000119	000721	000167	000177	000077	000233	000320	000134	000833	https://dhq.digitalhumanities.org/vol/15/3/000567/000567.html
000568	2021	Bernadette Biedermann	University of Graz	Bernadette Biedermann, University of Graz	Virtual museums as an extended museum experience: Challenges and impacts for museology, digital humanities, museums and visitors – in times of (Coronavirus) crisis	000390	000066	000270	000034	000204	000122	000118	000410	000475	000049	https://dhq.digitalhumanities.org/vol/15/3/000568/000568.html
000569	2021	José Raposo | António Rito Silva | Manuel Portela	University of Lisbon, INESC-ID, IST | University of Lisbon, INESC-ID, IST | University of Coimbra, CLP-Centre for Portuguese Literature	José Raposo, University of Lisbon, INESC-ID, IST; António Rito Silva, University of Lisbon, INESC-ID, IST; Manuel Portela, University of Coimbra, CLP-Centre for Portuguese Literature	LdoD Visual - A Visual Reader for Fernando Pessoa’s Book of Disquiet: An In-Out-In Metaphor	000356	000547	000389	000819	000496	000414	000457	000242	000060	000205	https://dhq.digitalhumanities.org/vol/15/3/000569/000569.html
000570	2021	Francesca Benatti | Paul Gooding | Matthew Sillence	The Open University | University of Glasgow | University of East Anglia	Francesca Benatti, The Open University; Paul Gooding, University of Glasgow; Matthew Sillence, University of East Anglia	Learning Digital Humanities in a Community of Practice: the DEAR model of Postgraduate Research Training	000193	000315	000557	000177	000077	000532	000167	000311	000239	000047	https://dhq.digitalhumanities.org/vol/15/3/000570/000570.html
000571	2021	Doran Larson	Hamilton College	Doran Larson, Hamilton College	Prison Writer as Witness: Can DH Read for Social Justice?	000513	000189	000761	000003	000565	000380	000481	000865	000616	000640	https://dhq.digitalhumanities.org/vol/15/3/000571/000571.html
000572	2021	Jason Boyd	Ryerson University	Jason Boyd, Ryerson University	Digital Stages for Old Plays: A Review of Shakespeare’s Language in Digital Media: Old Words, New Tools	000327	000144	000150	000187	000192	000108	000175	000176	000362	000821	https://dhq.digitalhumanities.org/vol/15/3/000572/000572.html
000573	2024	Andrew A. Cashner	University of Rochester	Andrew A. Cashner, University of Rochester	Lilypond Music-Notation Software in the Digital-Humanities Toolbox	000202	000056	000593	000075	000052	000304	000025	000864	000275	000510	https://dhq.digitalhumanities.org/vol/18/2/000573/000573.html
000574	2021	Pierre Chastang | Sergio Torres Aguilar | Xavier Tannier	UVSQ-Université Paris-Saclay | UVSQ-Université Paris-Saclay | Sorbonne Université	Pierre Chastang, UVSQ-Université Paris-Saclay; Sergio Torres Aguilar, UVSQ-Université Paris-Saclay; Xavier Tannier, Sorbonne Université	A Named Entity Recognition Model for Medieval Latin Charters	000029	000523	000447	000197	000071	000381	000544	000140	000595	000062	https://dhq.digitalhumanities.org/vol/15/4/000574/000574.html
000575	2021	Tracy L. Barnett	University of Georgia	Tracy L. Barnett, University of Georgia	The Age Old Question: A Review of What is Digital History? by Hannu Salmi	000201	000471	000003	000253	000262	000302	000531	000334	000554	000114	https://dhq.digitalhumanities.org/vol/15/4/000575/000575.html
000576	2024	Jacob Pleasants	University of Oklahoma	Jacob Pleasants, University of Oklahoma	The Humans and Algorithms of Music Recommendation: A Review of Computing Taste (2022)	000740	000400	000382	000303	000011	000440	000658	000364	000504	000113	https://dhq.digitalhumanities.org/vol/18/2/000576/000576.html
000577	2022	Suphan Kirmizialtin | David Joseph Wrisley	NYU Abu Dhabi | NYU Abu Dhabi	Suphan Kirmizialtin, NYU Abu Dhabi; David Joseph Wrisley, NYU Abu Dhabi	Automated Transcription of Non-Latin Script Periodicals: A Case Study in the Ottoman Turkish Print Archive	000735	000451	000144	000333	000522	000755	000752	000581	000491	000003	https://dhq.digitalhumanities.org/vol/16/2/000577/000577.html
000578	2021	Benjamin Lee	The Library of Congress & The University of Washington	Benjamin Lee, The Library of Congress & The University of Washington	Compounded Mediation: A Data Archaeology of the Newspaper Navigator Dataset	000034	000327	000108	000448	000383	000373	000744	000756	000681	000227	https://dhq.digitalhumanities.org/vol/15/4/000578/000578.html
000579	2021	Erik Ketzan | Christof Schöch	Trinity College Dublin | University of Trier	Erik Ketzan, Trinity College Dublin; Christof Schöch, University of Trier	Classifying and Contextualizing Edits in Variants with Coleto: Three Versions of Andy Weir’s The Martian	000687	000227	000602	000548	000203	000691	000281	000128	000126	000563	https://dhq.digitalhumanities.org/vol/15/4/000579/000579.html
000580	2024	Lili Wang | Tianxiang Chen	Harbin Engineering University | Harbin Engineering University	Lili Wang, Harbin Engineering University; Tianxiang Chen, Harbin Engineering University	Digital Methods in Literary Criticism: A Review of Digital Humanities and Literary Studies (2022)	000317	000262	000274	000207	000131	000140	000005	000171	000156	000147	https://dhq.digitalhumanities.org/vol/18/2/000580/000580.html
000581	2021	Nouf Alrasheed | Praveen Rao | Viviana Grieco	Department of Computer Science. & Electrical Engineering. University of Missouri-Kansas City | Department of Health Management & Informatics, Department of Electrical Engineering & Computer Science. University of Missouri-Columbia | Department of History. University of Missouri-Kansas City	Nouf Alrasheed, Department of Computer Science. & Electrical Engineering. University of Missouri-Kansas City; Praveen Rao, Department of Health Management & Informatics, Department of Electrical Engineering & Computer Science. University of Missouri-Columbia; Viviana Grieco, Department of History. University of Missouri-Kansas City	Character Recognition Of Seventeenth-Century Spanish American Notary Records Using Deep Learning	000029	000738	000522	000398	000577	000108	000735	000458	000223	000288	https://dhq.digitalhumanities.org/vol/15/4/000581/000581.html
000582	2022	Blanca Calvo Figueras | Tommaso Caselli | Marcel Broersma	University of Gronigen | University of Groningen | Centre for Media and Journalism Studies, University of Groningen	Blanca Calvo Figueras, University of Gronigen; Tommaso Caselli, University of Groningen; Marcel Broersma, Centre for Media and Journalism Studies, University of Groningen	Finding Narratives in News Flows: The Temporal Dimension of News Stories	000029	000159	000003	000544	000461	000116	000679	000265	000161	000538	https://dhq.digitalhumanities.org/vol/15/4/000582/000582.html
000583	2022	Elli Bleeker | Bram Buitendijk | Ronald Haentjens Dekker | Vincent Neyt | Dirk Van Hulle	Huygens Institute for Dutch History and Culture | Royal Netherlands Academy of Arts and Sciences - Humanities Cluster, Digital Infrastructure department. | Huygens Institute for Dutch History and Culture | University of Antwerp | University of Oxford	Elli Bleeker, Huygens Institute for Dutch History and Culture; Bram Buitendijk, Royal Netherlands Academy of Arts and Sciences - Humanities Cluster, Digital Infrastructure department.; Ronald Haentjens Dekker, Huygens Institute for Dutch History and Culture; Vincent Neyt, University of Antwerp; Dirk Van Hulle, University of Oxford	Layers of Variation: a Computational Approach to Collating Texts with Revisions	000555	000400	000069	000056	000573	000309	000247	000111	000726	000195	https://dhq.digitalhumanities.org/vol/16/1/000583/000583.html
000584	2022	Chris Diaz	Northwestern University	Chris Diaz, Northwestern University	Minimal Computing with Progressive Web Apps	000591	000025	000420	000600	000805	000509	000593	000013	000159	000479	https://dhq.digitalhumanities.org/vol/16/2/000584/000584.html
000585	2022	Matthew Lincoln | Jennifer Isasi | Sarah Melton | François Dominic Laramée	JSTOR Labs | Pennsylvania State University | Boston College | University of Ottawa and Université de Montréal	Matthew Lincoln, JSTOR Labs; Jennifer Isasi, Pennsylvania State University; Sarah Melton, Boston College; François Dominic Laramée, University of Ottawa and Université de Montréal	Relocating Complexity: The Programming Historian and Multilingual Static Site Generation	000184	000600	000591	000660	000401	000509	000003	000174	000222	000038	https://dhq.digitalhumanities.org/vol/16/2/000585/000585.html
000586	2022	Tanya Clement | Ben Brumfield | Sara Brumfield	University of Texas at Austin | Brumfield Labs | Brumfield Labs	Tanya Clement, University of Texas at Austin; Ben Brumfield, Brumfield Labs; Sara Brumfield, Brumfield Labs	The AudiAnnotate Project: Four Case Studies in Publishing Annotations for Audio and Video	000061	000173	000469	000670	000515	000327	000451	000538	000375	000591	https://dhq.digitalhumanities.org/vol/16/2/000586/000586.html
000587	2022	Martin Paul Eve	Birkbeck College, University of London	Martin Paul Eve, Birkbeck College, University of London	Lessons from the Library: Extreme Minimalist Scaling at Pirate Ebook Platforms	000462	000590	000594	000003	000473	000626	000589	000233	000354	000202	https://dhq.digitalhumanities.org/vol/16/2/000587/000587.html
000588	2022	Nabeel Siddiqui	Susquehanna University	Nabeel Siddiqui, Susquehanna University	Hidden in Plain-TeX: Investigating Minimal Computing Workflows	000047	000481	000592	000029	000169	000605	000652	000627	000697	000668	https://dhq.digitalhumanities.org/vol/16/2/000588/000588.html
000589	2022	Zahra Rizvi | Rohan Chauhan | A. Sean Pue | Nishat Zaidi	Department of English, Jamia Millia Islamia | Department of Modern Indian Languages and Literary Studies, University of Delhi | Department of Linguistics, Languages and Cultures, Michigan State University | Department of English, Jamia Millia Islamia	Zahra Rizvi, Department of English, Jamia Millia Islamia; Rohan Chauhan, Department of Modern Indian Languages and Literary Studies, University of Delhi; A. Sean Pue, Department of Linguistics, Languages and Cultures, Michigan State University; Nishat Zaidi, Department of English, Jamia Millia Islamia	Minimal Computing for Exploring Indian Poetics	000509	000600	000054	000108	000029	000682	000591	000320	000250	000115	https://dhq.digitalhumanities.org/vol/16/2/000589/000589.html
000590	2022	Christina Boyles | Andy Boyles Petersen	Michigan State University | Michigan State University	Christina Boyles, Michigan State University; Andy Boyles Petersen, Michigan State University	Power and Precarity: Lessons from the Makers by Mail Project	000594	000587	000682	000593	000217	000589	000473	000462	000416	000591	https://dhq.digitalhumanities.org/vol/16/2/000590/000590.html
000591	2022	Raffaele Viglianti | Gimena del Rio Riande | Nidia Hernández | Romina De Léon	Maryland Institute for Technology in the Humanities, University of Maryland, USA | National Council on Scientific and Technical Research, Argentina | National Council on Scientific and Technical Research, Argentina | CONICET (National Council on Scientific and Technical Research, Argentina)	Raffaele Viglianti, Maryland Institute for Technology in the Humanities, University of Maryland, USA; Gimena del Rio Riande, National Council on Scientific and Technical Research, Argentina; Nidia Hernández, National Council on Scientific and Technical Research, Argentina; Romina De Léon, CONICET (National Council on Scientific and Technical Research, Argentina)	Open, Equitable, and Minimal: Teaching Digital Scholarly Editing North and South	000221	000320	000660	000593	000509	000584	000312	000531	000600	000585	https://dhq.digitalhumanities.org/vol/16/2/000591/000591.html
000592	2022	Jing Chen | Mengqi Li | Wensi Lin | Yinzhou Zhao | Mengyue Zhang | Han Chen | Qiang Hu | Yongqing Xie	School of Art, Nanjing University | Shanghai Traditionow Culture Development Corp | Shanghai Museum, China | Art Institute of Nanjing University | Nanjing University | Nanjing Art Institute | N/A | Nanjing Art Institute	Jing Chen, School of Art, Nanjing University; Mengqi Li, Shanghai Traditionow Culture Development Corp; Wensi Lin, Shanghai Museum, China; Yinzhou Zhao, Art Institute of Nanjing University; Mengyue Zhang, Nanjing University; Han Chen, Nanjing Art Institute; Qiang Hu, N/A; Yongqing Xie, Nanjing Art Institute	Simple but Beautiful: A Case Study on the ZHI Project of Traditional Craftsmanship	000029	000290	000588	000625	000077	000447	000483	000640	000620	000179	https://dhq.digitalhumanities.org/vol/16/2/000592/000592.html
000593	2022	Till Grallert	Orient-Institut Beirut	Till Grallert, Orient-Institut Beirut	Open Arabic Periodical Editions: A Framework for Bootstrapped Scholarly Editions Outside the Global North	000327	000667	000660	000483	000509	000034	000755	000584	000245	000600	https://dhq.digitalhumanities.org/vol/16/2/000593/000593.html
000594	2022	Quinn Dombrowski	Stanford University	Quinn Dombrowski, Stanford University	Minimizing Computing Maximizes Labor	000587	000304	000025	000419	000820	000359	000590	000573	000591	000209	https://dhq.digitalhumanities.org/vol/16/2/000594/000594.html
000595	2022	Kailey Fukushima | Karen Bourrier | Janice Parker	University of British Columbia | University of Calgary | Calgary Public Library	Kailey Fukushima, University of British Columbia; Karen Bourrier, University of Calgary; Janice Parker, Calgary Public Library	The Lives of Mistresses and Maids: Editing Victorian Correspondence with Genealogy, Prosopography, and the TEI	000523	000281	000381	000734	000323	000160	000333	000197	000227	000483	https://dhq.digitalhumanities.org/vol/16/1/000595/000595.html
000596	2022	Grant Wythoff	Princeton University	Grant Wythoff, Princeton University	Ensuring Minimal Computing Serves Maximal Connection	000202	000112	000167	000820	000020	000209	000095	000351	000134	000677	https://dhq.digitalhumanities.org/vol/16/2/000596/000596.html
000597	2022	Maria Bonn | Harriett Green | Angela Courtney | Megan Senseney	School of Information Sciences, Univesity of Illinois Urbana Champaign | Washington University in St. Louis | Indiana University Bloomington | University of Arizona	Maria Bonn, School of Information Sciences, Univesity of Illinois Urbana Champaign; Harriett Green, Washington University in St. Louis; Angela Courtney, Indiana University Bloomington; Megan Senseney, University of Arizona	Innovation Through Collaboration in Humanities Research	000198	000336	000179	000184	000029	000319	000031	000133	000374	000443	https://dhq.digitalhumanities.org/vol/15/4/000597/000597.html
000598	2022	Kimmo Elo	University of Turku	Kimmo Elo, University of Turku	A Text Network Analysis of Discursive Changes in German, Austrian and Swiss New Year’s Speeches 2000-2021	000300	000003	000562	000679	000094	000513	000361	000201	000026	000842	https://dhq.digitalhumanities.org/vol/16/1/000598/000598.html
000599	2022	Nathanael Moore	University of Otago	Nathanael Moore, University of Otago	The Brain Is Deeper Than the Sea: Sea and Spar Between, Computational Stuplimity, and Fragmentation	000558	000537	000265	000313	000108	000619	000372	000569	000678	000227	https://dhq.digitalhumanities.org/vol/16/1/000599/000599.html
000600	2022	Tiffany Chan | Jentery Sayers	University of Victoria Libraries | University of Victoria	Tiffany Chan, University of Victoria Libraries; Jentery Sayers, University of Victoria	Minimal Computing from the Labor Perspective	000509	000029	000591	000593	000584	000585	000670	000025	000222	000589	https://dhq.digitalhumanities.org/vol/16/2/000600/000600.html
000601	2022	Simon Peter Rowberry	Department of Information Studies, University College London	Simon Peter Rowberry, Department of Information Studies, University College London	The Ebook Imagination	000007	000011	000361	000046	000017	000389	000356	000578	000018	000051	https://dhq.digitalhumanities.org/vol/16/1/000601/000601.html
000602	2022	Nozomu Okuda | Jeffery Kinnison | Patrick Burns | Neil Coffee | Walter Scheirer	SUNY University at Buffalo, Department of Classics | University of Notre Dame, Department of Computer Science and Engineering | University of Texas at Austin, Department of Classics | SUNY University at Buffalo, Department of Classics | University of Notre Dame, Department of Computer Science and Engineering	Nozomu Okuda, SUNY University at Buffalo, Department of Classics; Jeffery Kinnison, University of Notre Dame, Department of Computer Science and Engineering; Patrick Burns, University of Texas at Austin, Department of Classics; Neil Coffee, SUNY University at Buffalo, Department of Classics; Walter Scheirer, University of Notre Dame, Department of Computer Science and Engineering	Tesserae Intertext Service	000108	000227	000166	000691	000323	000184	000025	000683	000595	000159	https://dhq.digitalhumanities.org/vol/16/1/000602/000602.html
000603	2022	Ciaran B. Trace	The University of Texas at Austin	Ciaran B. Trace, The University of Texas at Austin	Archives, Information Infrastructure, and Maintenance Work	000411	000671	000468	000380	000184	000318	000807	000151	000206	000227	https://dhq.digitalhumanities.org/vol/16/1/000603/000603.html
000604	2022	Houda Lamqaddam | Inez De Prekel | Koenraad Brosens | Katrien Verbert	University of Leuven | University of Leuven | University of Leuven | University of Leuven	Houda Lamqaddam, University of Leuven; Inez De Prekel, University of Leuven; Koenraad Brosens, University of Leuven; Katrien Verbert, University of Leuven	Perceptual Effects of Hierarchy in Art Historical Social Networks	000026	000105	000195	000244	000562	000400	000263	000300	000094	000445	https://dhq.digitalhumanities.org/vol/16/1/000604/000604.html
000605	2022	Francesca Giovannetti | Francesca Tomasi	University of Bologna | University of Bologna	Francesca Giovannetti, University of Bologna; Francesca Tomasi, University of Bologna	Linked data from TEI (LIFT): A Teaching Tool for TEI to Linked Data Transformation	000169	000588	000454	000279	000745	000019	000211	000424	000231	000026	https://dhq.digitalhumanities.org/vol/16/2/000605/000605.html
000606	2022	Robert Gorman	Department of Classics and Religious Studies, University of Nebraska-Lincoln	Robert Gorman, Department of Classics and Religious Studies, University of Nebraska-Lincoln	Universal Dependencies and Author Attribution of Short Texts with Syntax Alone	000454	000687	000357	000146	000295	000012	000734	000566	000104	000170	https://dhq.digitalhumanities.org/vol/16/2/000606/000606.html
000607	2022	Jennifer Edmond | Nicole Basaraba | Michelle Doran | Vicky Garnett | Courtney Helen Grile | Eliza Papaki | Erszébet Toth-Czifra	Trinity College Dublin, Ireland | Maastricht University, the Netherlands | Centre for Digital Humanities, Trinity College Dublin, Ireland | DARIAH-EU | School of Creative Arts, Trinity College Dublin, Ireland | DARIAH-EU | DARIAH-EU	Jennifer Edmond, Trinity College Dublin, Ireland; Nicole Basaraba, Maastricht University, the Netherlands; Michelle Doran, Centre for Digital Humanities, Trinity College Dublin, Ireland; Vicky Garnett, DARIAH-EU; Courtney Helen Grile, School of Creative Arts, Trinity College Dublin, Ireland; Eliza Papaki, DARIAH-EU; Erszébet Toth-Czifra, DARIAH-EU	Scholarly Primitives of Scholarly Meetings: A DH-Inspired Exploration of the Virtual Incunabular in the Time of COVID 19	000349	000359	000272	000401	000594	000071	000486	000374	000356	000173	https://dhq.digitalhumanities.org/vol/16/2/000607/000607.html
000608	2022	Sylvia Fernandez | Rubria Rocha de Luna | Annette M. Zapata	University of Texas in San Antonio | Texas A&M University | University of Houston	Sylvia Fernandez, University of Texas in San Antonio; Rubria Rocha de Luna, Texas A&M University; Annette M. Zapata, University of Houston	United Fronteras como tercer espacio: Modelo transfronterizo a través de las humanidades digitales poscoloniales y la computación mínima	000013	000320	000327	000029	000025	000054	000593	000734	000515	000222	https://dhq.digitalhumanities.org/vol/16/2/000608/000608.html
000609	2022	Stephanie Boddie | Amy Hillier	Baylor University, Diana R. Garland School of Social Work, the School of Education, and the George W. Truett Seminary and University of South Africa, Institute for Gender Studies | University of Pennsylvania School of Social Policy & Practice	Stephanie Boddie, Baylor University, Diana R. Garland School of Social Work, the School of Education, and the George W. Truett Seminary and University of South Africa, Institute for Gender Studies; Amy Hillier, University of Pennsylvania School of Social Policy & Practice	The Making and Re-making of The Philadelphia Negro	000273	000513	000302	000386	000145	000761	000031	000770	000209	000631	https://dhq.digitalhumanities.org/vol/16/2/000609/000609.html
000610	2022	Elspeth Brown | Cait McKinney | Dan Guadagnolo | Juan Carlos Mezo Gonzalez | Sid Cunningham | Caleigh Inman | Zohar Freeman | Amal Khurram | Alisha Krishna | Mackenzie Stewart	University of Toronto | Simon Fraser University | University of Toronto | University of Toronto | York University |  | Harvard Law School |  | University of Toronto Faculty of Law | University of Toronto	Elspeth Brown, University of Toronto; Cait McKinney, Simon Fraser University; Dan Guadagnolo, University of Toronto; Juan Carlos Mezo Gonzalez, University of Toronto; Sid Cunningham, York University; Caleigh Inman; Zohar Freeman, Harvard Law School; Amal Khurram; Alisha Krishna, University of Toronto Faculty of Law; Mackenzie Stewart, University of Toronto	Transmediation as Radical Pedagogy in Building Queer and Trans Digital Archives	000614	000448	000404	000211	000216	000471	000781	000400	000617	000305	https://dhq.digitalhumanities.org/vol/16/2/000610/000610.html
000611	2022	Eamon Schlotterback | Cailin Flannery Roles | K.J. Rawson	Northeastern University | Northeastern University | Northeastern University	Eamon Schlotterback, Northeastern University; Cailin Flannery Roles, Northeastern University; K.J. Rawson, Northeastern University	Investing in Project Maintenance: Auditing the Digital Transgender Archive	000473	000174	000108	000173	000029	000595	000040	000319	000401	000336	https://dhq.digitalhumanities.org/vol/16/1/000611/000611.html
000612	2022	Hoyeol Kim	Texas A&M University	Hoyeol Kim, Texas A&M University	Sentiment Analysis: Limits and Progress of the Syuzhet Package and Its Lexicons	000436	000687	000454	000708	000227	000481	000595	000579	000314	000563	https://dhq.digitalhumanities.org/vol/16/2/000612/000612.html
000613	2022	Wenyi Shang | Winbin Huang	School of Information Sciences, University of Illinois, Urbana-Champaign | Department of Information Management, Peking University	Wenyi Shang, School of Information Sciences, University of Illinois, Urbana-Champaign; Winbin Huang, Department of Information Management, Peking University	Rediscussing the Political Struggle in the Light of Reform in Late 11th Century China under the View of Digital Humanities	000161	000096	000262	000063	000434	000062	000565	000188	000158	000144	https://dhq.digitalhumanities.org/vol/16/2/000613/000613.html
000614	2022	Mélanie Péron | Meaghan Moody | Vickie Karasic	University of Pennsylvania | University of Rochester | Bryn Mawr College	Mélanie Péron, University of Pennsylvania; Meaghan Moody, University of Rochester; Vickie Karasic, Bryn Mawr College	Stitching the Fragmented: Feminist Maker Pedagogy and Immersive Technologies for Cultural Learning	000400	000483	000116	000273	000610	000031	000562	000415	000770	000467	https://dhq.digitalhumanities.org/vol/16/2/000614/000614.html
000615	2022	James Baker | Andrew Salway | Cynthia Roman	University of Southampton | Sussex Humanities Lab, University of Sussex | Lewis Walpole Library	James Baker, University of Southampton; Andrew Salway, Sussex Humanities Lab, University of Sussex; Cynthia Roman, Lewis Walpole Library	Detecting and Characterising Transmission from Legacy Collection Catalogues	000462	000424	000778	000772	000587	000199	000471	000061	000380	000640	https://dhq.digitalhumanities.org/vol/16/2/000615/000615.html
000616	2022	Simone Murray	School of Languages, Literatures, Cultures and Linguistics, Monash University	Simone Murray, School of Languages, Literatures, Cultures and Linguistics, Monash University	Varieties of Digital Literary Studies: Micro, Macro, Meso	000162	000140	000017	000161	000434	000108	000317	000046	000115	000128	https://dhq.digitalhumanities.org/vol/16/2/000616/000616.html
000617	2022	Onyekachi Henry Ibekwe	University of Nigeria	Onyekachi Henry Ibekwe, University of Nigeria	New Digital Worlds: Postcolonial Digital Humanities in Theory, Praxis and Pedagogy	000846	000209	000778	000874	000633	000773	000460	000448	000761	000645	https://dhq.digitalhumanities.org/vol/16/2/000617/000617.html
000618	2022	Yasamin Rezai	University of Miami	Yasamin Rezai, University of Miami	Data Stories for/from All: Why Data Feminism is for Everyone	000202	000617	000217	000622	000216	000042	000211	000209	000473	000338	https://dhq.digitalhumanities.org/vol/16/2/000618/000618.html
000619	2022	Anette Hagen | Elise Seip Tønnessen	University of South-Eastern Norway | University of Agder	Anette Hagen, University of South-Eastern Norway; Elise Seip Tønnessen, University of Agder	Worlds and Readers: Augmented Reality in Modern Polaxis	000616	000140	000180	000564	000103	000115	000356	000139	000389	000162	https://dhq.digitalhumanities.org/vol/16/2/000619/000619.html
000620	2022	Sabrina Sauer | Berber Hagedoorn	University of Groningen | University of Groningen	Sabrina Sauer, University of Groningen; Berber Hagedoorn, University of Groningen	Linking Data and Disciplines: Interdisciplinary brokering in digital humanities research	000072	000227	000127	000184	000179	000375	000159	000546	000523	000374	https://dhq.digitalhumanities.org/vol/16/3/000620/000620.html
000621	2022	Peter L. Forberg	Department of Sociology, University of Chicago	Peter L. Forberg, Department of Sociology, University of Chicago	Critical Design as Theory, Experiment, and Data: A Sociologically-Informed Approach to Visualizing Networks of Loss	000452	000205	000463	000407	000166	000486	000190	000819	000688	000337	https://dhq.digitalhumanities.org/vol/16/3/000621/000621.html
000622	2022	Gábor Mihály Tóth | Tim Hempel | Krishna Somandepalli | Shri Narayanan	USC Shoah Foundation / USC Viterbi School of Engineering | Freie Universität Berlin, Department of Mathematics and Computer Science / Department of Physics | Google Research | USC Viterbi School of Engineering	Gábor Mihály Tóth, USC Shoah Foundation / USC Viterbi School of Engineering; Tim Hempel, Freie Universität Berlin, Department of Mathematics and Computer Science / Department of Physics; Krishna Somandepalli, Google Research; Shri Narayanan, USC Viterbi School of Engineering	Studying Large-Scale Behavioral Differences in Auschwitz-Birkenau with Simulation of Gendered Narratives	000623	000400	000202	000163	000077	000618	000445	000042	000640	000316	https://dhq.digitalhumanities.org/vol/16/3/000622/000622.html
000623	2022	Lizhou Fan | Todd Presner	University of Michigan | UCLA	Lizhou Fan, University of Michigan; Todd Presner, UCLA	Algorithmic Close Reading: Using Semantic Triplets to Index and Analyze Agency in Holocaust Testimonies	000622	000328	000026	000244	000263	000273	000044	000624	000808	000640	https://dhq.digitalhumanities.org/vol/16/3/000623/000623.html
000624	2022	Johanna Drucker | Peter Polack | Pietro Santachiara	Department of Information Studies, UCLA | Department of Information Studies, UCLA | Department of Information Studies, UCLA	Johanna Drucker, Department of Information Studies, UCLA; Peter Polack, Department of Information Studies, UCLA; Pietro Santachiara, Department of Information Studies, UCLA	Heterochronologies: a platform for correlation and research in temporal graphics	000623	000026	000415	000400	000396	000244	000146	000770	000562	000496	https://dhq.digitalhumanities.org/vol/16/3/000624/000624.html
000625	2022	Blanca Gómez Cifuentes | Carlos Fernández Freire | Isabel del Bosque González | Idoia Murga Castro	Universidad Complutense de Madrid | Spanish National Research Council (CSIC) | Spanish National Research Council (CSIC) | Instituto de Historia, CSIC	Blanca Gómez Cifuentes, Universidad Complutense de Madrid; Carlos Fernández Freire, Spanish National Research Council (CSIC); Isabel del Bosque González, Spanish National Research Council (CSIC); Idoia Murga Castro, Instituto de Historia, CSIC	Researching Spanish Dance in Time and Space: A GIS for La Argentina's Ballets Espagnols	000640	000003	000446	000227	000029	000179	000483	000468	000299	000084	https://dhq.digitalhumanities.org/vol/16/3/000625/000625.html
000626	2022	Lacey Schauwecker	University of Southern California	Lacey Schauwecker, University of Southern California	Sight and Sound: Counter-mapping the U.S.-Mexico Border Crisis	000383	000467	000629	000460	000819	000802	000424	000463	000486	000273	https://dhq.digitalhumanities.org/vol/16/3/000626/000626.html
000627	2022	Jerry Bonnell | Mitsunori Ogihara	Department of Computer Science, University of Miami | Department of Computer Science, University of Miami	Jerry Bonnell, Department of Computer Science, University of Miami; Mitsunori Ogihara, Department of Computer Science, University of Miami	Rule-based Adornment of Modern Historical Japanese Corpora using Accurate Universal Dependencies	000481	000708	000652	000709	000588	000047	000399	000736	000197	000456	https://dhq.digitalhumanities.org/vol/16/4/000627/000627.html
000628	2022	James Smithies | Sarah Atkinson | Elliott Hall	King's College London | King's College London | King's Digital Lab	James Smithies, King's College London; Sarah Atkinson, King's College London; Elliott Hall, King's Digital Lab	Applied Digital Humanities and the Creative Industries in the United Kingdom	000336	000701	000213	000193	000808	000089	000134	000108	000022	000055	https://dhq.digitalhumanities.org/vol/16/2/000628/000628.html
000629	2022	Chelsea Canon | Douglas Boyle | K. J. Hepworth	Department of Geography, University of Nevada, Reno | Department of Geography, University of Nevada, Reno | UniSA Creative, University of South Australia, Adelaide, Australia	Chelsea Canon, Department of Geography, University of Nevada, Reno; Douglas Boyle, Department of Geography, University of Nevada, Reno; K. J. Hepworth, UniSA Creative, University of South Australia, Adelaide, Australia	Ethical and Effective Visualization of Knowledge Networks	000626	000463	000361	000562	000190	000802	000383	000026	000244	000535	https://dhq.digitalhumanities.org/vol/16/3/000629/000629.html
000630	2022	Ravynn K. Stringfield	University of Richmond	Ravynn K. Stringfield, University of Richmond	#BlackScholarJoy: The Labor, Resistance and Joy Practices of Black Women Graduate Students	000638	000634	000404	000769	000632	000209	000642	000448	000637	000216	https://dhq.digitalhumanities.org/vol/16/3/000630/000630.html
000631	2022	Franny Gaede | Ana-Maurine Lara | Alaí Reyes-Santos | Kate Thornhill	University of Oregon | University of Oregon | University of Oregon | University of Oregon	Franny Gaede, University of Oregon; Ana-Maurine Lara, University of Oregon; Alaí Reyes-Santos, University of Oregon; Kate Thornhill, University of Oregon	Afro-Indigenous Women Healers in the Caribbean and Its Diasporas: A Decolonial Digital Humanities Project	000470	000004	000491	000661	000701	000159	000718	000667	000670	000227	https://dhq.digitalhumanities.org/vol/16/3/000631/000631.html
000632	2022	Bethany Nowviskie	James Madison University	Bethany Nowviskie, James Madison University	New Questions, Next Work	000208	000769	000023	000633	000645	000034	000689	000448	000077	000634	https://dhq.digitalhumanities.org/vol/16/3/000632/000632.html
000633	2022	Angel David Nieves	Northeastern University	Angel David Nieves, Northeastern University	"For the master’s [DH] tools will never dismantle the master’s house": An Alternative Primer for a Critical Black DH Praxis	000209	000645	000632	000634	000846	000689	000617	000636	000217	000820	https://dhq.digitalhumanities.org/vol/16/3/000633/000633.html
000634	2022	Romi Ron Morrison	University of Southern California (USC)	Romi Ron Morrison, University of Southern California (USC)	Voluptuous Disintegration: A Future History of Black Computational Thought	000769	000776	000781	000435	000638	000209	000416	000632	000633	000773	https://dhq.digitalhumanities.org/vol/16/3/000634/000634.html
000635	2022	Louis M. Maraj	University of British Columbia	Louis M. Maraj, University of British Columbia	Nutha Planets: On Telos and Digital Blackness	000640	000761	000324	000446	000639	000455	000718	000129	000484	000524	https://dhq.digitalhumanities.org/vol/16/3/000635/000635.html
000636	2022	Elizabeth Losh	William & Mary	Elizabeth Losh, William & Mary	The Fulll Monty	000645	000208	000216	000211	000209	000689	000632	000633	000637	000671	https://dhq.digitalhumanities.org/vol/16/3/000636/000636.html
000637	2022	Kaiama L. Glover	Barnard College	Kaiama L. Glover, Barnard College	Caribbean Futures in Black DH	000766	000345	000365	000808	000366	000453	000763	000352	000221	000633	https://dhq.digitalhumanities.org/vol/16/3/000637/000637.html
000638	2022	Moya Bailey	Northwestern University	Moya Bailey, Northwestern University	My DH Present, Past, & Future	000630	000404	000632	000209	000769	000465	000634	000640	000760	000833	https://dhq.digitalhumanities.org/vol/16/3/000638/000638.html
000639	2022	Brienne A. Adams	Georgetown University	Brienne A. Adams, Georgetown University	"Whole Self to the World": Creating Affective Worlds and Black Digital Intimacy in the Fandom of The Misadventures of Awkward Black Girl and Insecure	000640	000243	000641	000271	000110	000635	000630	000118	000324	000446	https://dhq.digitalhumanities.org/vol/16/3/000639/000639.html
000640	2022	Jazma Sutton | Kalani Craig	Miami University, Ohio | Indiana University Bloomington	Jazma Sutton, Miami University, Ohio; Kalani Craig, Indiana University Bloomington	Reaping the Harvest: Descendant Archival Practice to Foster Sustainable Digital Archives for Rural Black Women	000625	000483	000446	000227	000635	000084	000179	000455	000468	000321	https://dhq.digitalhumanities.org/vol/16/3/000640/000640.html
000641	2022	Bryan M. Jenkins | Taryn K. Myers	Howard University | West Chester University	Bryan M. Jenkins, Howard University; Taryn K. Myers, West Chester University	Digital Black Voices: Podcasting and the Black Public Sphere	000513	000769	000448	000146	000634	000507	000639	000397	000056	000324	https://dhq.digitalhumanities.org/vol/16/3/000641/000641.html
000642	2022	Kim Gallon	Brown University	Kim Gallon, Brown University	Looking Backward and Forward: Pleasure, Joy, and the Future of Black DH	000636	000634	000208	000637	000216	000211	000766	000630	000760	000769	https://dhq.digitalhumanities.org/vol/16/3/000642/000642.html
000643	2022	Laura Estill | Jennifer Guiliano | Élika Ortega | Melissa Terras | Deb Verhoeven | Glen Layne-Worthey	St. Francis Xavier University | Indiana University Purdue University at Indianapolis | University of Colorado, Boulder | University of Edinburgh | University of Alberta: Edmonton | University of Illinois at Urbana Champaign	Laura Estill, St. Francis Xavier University; Jennifer Guiliano, Indiana University Purdue University at Indianapolis; Élika Ortega, University of Colorado, Boulder; Melissa Terras, University of Edinburgh; Deb Verhoeven, University of Alberta: Edmonton; Glen Layne-Worthey, University of Illinois at Urbana Champaign	The circus we deserve? A front row look at the organization of the annual academic conference for the Digital Humanities	000233	000645	000634	000435	000217	000656	000416	000820	000769	000776	https://dhq.digitalhumanities.org/vol/16/4/000643/000643.html
000644	2022	Roopika Risam	Dartmouth College	Roopika Risam, Dartmouth College	Our Time Is Now (It’s Always Been Our Time)	000208	000448	000216	000211	000209	000432	000618	000217	000718	000450	https://dhq.digitalhumanities.org/vol/16/3/000644/000644.html
000645	2022	Alanna Prince | Cara Marta Messina	Northeastern University | Jacksonville State University	Alanna Prince, Northeastern University; Cara Marta Messina, Jacksonville State University	Black Digital Humanities for the Rising Generation	000633	000209	000632	000216	000636	000769	000202	000846	000689	000020	https://dhq.digitalhumanities.org/vol/16/3/000645/000645.html
000646	2022	Roopika Risam | Alex Gil	Dartmouth College | Yale University	Roopika Risam, Dartmouth College; Alex Gil, Yale University	Introduction: The Questions of Minimal Computing	000248	000081	000352	000594	000034	000460	000355	000762	000668	000585	https://dhq.digitalhumanities.org/vol/16/2/000646/000646.html
000647	2022	Alastair Gornall | Sayan Bhattacharyya	Singapore University of Technology and Design | Singapore University of Technology and Design	Alastair Gornall, Singapore University of Technology and Design; Sayan Bhattacharyya, Singapore University of Technology and Design	Digital Humanities Inside Out: Developing a Digital Humanities Curriculum for Computer Scientists in Singapore	000471	000531	000312	000591	000221	000193	000352	000182	000315	000547	https://dhq.digitalhumanities.org/vol/16/4/000647/000647.html
000648	2022	Hugo Dirk Hogenbirk | Wim Mol	University of Groningen, Departement of the History of Philosophy |	Hugo Dirk Hogenbirk, University of Groningen, Departement of the History of Philosophy; Wim Mol	Interpreting Measures of Meaning: Introducing Salience Differentiated Stability	000183	000263	000661	000012	000023	000729	000122	000683	000041	000029	https://dhq.digitalhumanities.org/vol/16/4/000648/000648.html
000649	2022	Adán Israel Lerma Mayer | Ximena Gutierrez-Vasques | Ernesto Priani Saiso | Hannu Salmi	Universidad Anáhuac | University of Zurich | Universidad Nacional Autónoma de México | University of Turku	Adán Israel Lerma Mayer, Universidad Anáhuac; Ximena Gutierrez-Vasques, University of Zurich; Ernesto Priani Saiso, Universidad Nacional Autónoma de México; Hannu Salmi, University of Turku	Underlying Sentiments in 1867: A Study of News Flows on the Execution of Emperor Maximilian I of Mexico in Digitized Newspaper Corpora	000550	000263	000247	000434	000300	000097	000676	000030	000244	000023	https://dhq.digitalhumanities.org/vol/16/4/000649/000649.html
000650	2023	Charlie Harper	Case Western Reserve University	Charlie Harper, Case Western Reserve University	Rich Veins of Ore: A Review of Gabe Ignatow and Rada Mihalcea’s An Introduction to Text Mining: Research Design, Data Collection, and Analysis	000145	000659	000670	000728	000646	000510	000624	000522	000425	000472	https://dhq.digitalhumanities.org/vol/17/4/000650/000650.html
000651	2022	Moshe Blidstein | Daphne Raban	University of Haifa | University of Haifa	Moshe Blidstein, University of Haifa; Daphne Raban, University of Haifa	Tiresias: A Novel Approach for Mining Book Indices	000538	000173	000469	000523	000059	000025	000184	000404	000247	000703	https://dhq.digitalhumanities.org/vol/17/1/000651/000651.html
000652	2023	Estefanía López Salas	Universidade da Coruña	Estefanía López Salas, Universidade da Coruña	An Integral Web-map for the Analysis of Spatial Change over Time in a Complex Built Environment: Digital Samos	000003	000031	000381	000415	000588	000483	000333	000166	000038	000481	https://dhq.digitalhumanities.org/vol/17/2/000652/000652.html
000653	2022	Helen B. Kampmann Marodin	University of South Carolina	Helen B. Kampmann Marodin, University of South Carolina	The History of Digital History: A Review of Crymble (2021)	000317	000262	000435	000086	000634	000201	000575	000257	000140	000466	https://dhq.digitalhumanities.org/vol/17/1/000653/000653.html
000654	2022	Paul Heinicker | Janna Kienbaum | Birgit Schneider	University of Potsdam | University of Potsdam | University of Potsdam	Paul Heinicker, University of Potsdam; Janna Kienbaum, University of Potsdam; Birgit Schneider, University of Potsdam	More than Distant Viewing: Qualitative Views on Machine Learning as an Automated Analysis Method in Networked Climate Image Communication	000461	000313	000377	000108	000333	000363	000041	000237	000469	000558	https://dhq.digitalhumanities.org/vol/17/1/000654/000654.html
000655	2022	Melanie Andresen	Universität Stuttgart	Melanie Andresen, Universität Stuttgart	Annotation: A Uniting, but Multifaceted Practice. A Review of Nantke and Schlupkothen (2020)	000496	000026	000500	000703	000178	000031	000510	000275	000071	000486	https://dhq.digitalhumanities.org/vol/16/4/000655/000655.html
000656	2022	Amanda Furiasse	Nova Southeastern University	Amanda Furiasse, Nova Southeastern University	The Banality of Big Data: A Review of Discriminating Data	000808	000436	000108	000377	000015	000769	000041	000233	000135	000188	https://dhq.digitalhumanities.org/vol/16/4/000656/000656.html
000657	2022	David Thomson	Independent Scholar	David Thomson, Independent Scholar	Whitman Tracked Between Editions, Rossetti as a Complex Subversive, and the Collective Sense of Authorship: A Mixed Methods Accounting of a Hyperlinked "Calamus"	000017	000327	000289	000061	000259	000774	000341	000188	000144	000589	https://dhq.digitalhumanities.org/vol/17/1/000657/000657.html
000658	2023	Quintus van Galen	University of Amsterdam	Quintus van Galen, University of Amsterdam	The Page Is an Image Again: Bleedmapping as an Analysis Technique for Historical Newspapers	000663	000398	000182	000740	000140	000521	000735	000382	000389	000502	https://dhq.digitalhumanities.org/vol/17/1/000658/000658.html
000659	2022	Christine M. Gottlieb	Cal State East Bay	Christine M. Gottlieb, Cal State East Bay	Radically Accessible Shakespeare: Cripping the Digital Shakespeare Canon through Universal Design and Disability Studies	000327	000734	000304	000075	000310	000202	000054	000587	000162	000462	https://dhq.digitalhumanities.org/vol/17/1/000659/000659.html
000660	2023	Constance Crompton	Department of Communication, University of Ottawa	Constance Crompton, Department of Communication, University of Ottawa	"No Boutique or Fashionable Technologies": Project Development, Mentorship, and Sustainability in an Innovation-First World	000509	000350	000669	000199	000321	000588	000552	000670	000715	000701	https://dhq.digitalhumanities.org/vol/17/1/000660/000660.html
000661	2023	Emily Comeau	University of British Columbia	Emily Comeau, University of British Columbia	The Project Endings Interviews: A Summary of Methodological Foundations	000159	000029	000470	000459	000322	000089	000294	000461	000473	000288	https://dhq.digitalhumanities.org/vol/17/1/000661/000661.html
000662	2023	Zach Coble | Jojo Karlin	New York University Libraries | New York University Libraries	Zach Coble, New York University Libraries; Jojo Karlin, New York University Libraries	Reference Rot in the Digital Humanities Literature: An Analysis of Citations Containing Website Links in DHQ	000014	000741	000181	000007	000554	000017	000008	000163	000109	000457	https://dhq.digitalhumanities.org/vol/17/1/000662/000662.html
000663	2023	Liselore Tissen | Sanne Frequin | Ruben Wiersma	Leiden University and Delft University of Technology | Utrecht University | Delft University of Technology	Liselore Tissen, Leiden University and Delft University of Technology; Sanne Frequin, Utrecht University; Ruben Wiersma, Delft University of Technology	The case of the golden background, a virtual restoration and a physical reconstruction of the medieval Crucifixion of the Lindau Master (c. 1425)	000658	000521	000400	000740	000682	000372	000458	000560	000176	000540	https://dhq.digitalhumanities.org/vol/17/1/000663/000663.html
000664	2022	The Alliance of Digital Humanities Organizations		The Alliance of Digital Humanities Organizations, 	Response to "The circus we deserve? A front row look at the organization of the annual academic conference for the Digital Humanities"	000706	000193	000134	000636	000450	000351	000208	000837	000645	000015	https://dhq.digitalhumanities.org/vol/16/4/000664/000664.html
000665	2023	Claire Battershill	University of Toronto	Claire Battershill, University of Toronto	The Stories We Tell: Project Narratives, Project Endings, and the Affective Value of Collaboration	000322	000063	000666	000336	000133	000421	000108	000320	000319	000202	https://dhq.digitalhumanities.org/vol/17/1/000665/000665.html
000666	2023	Jessica Otis	Roy Rosenzweig Center for History and New Media, George Mason University	Jessica Otis, Roy Rosenzweig Center for History and New Media, George Mason University	"Follow the Money?": Funding and Digital Sustainability	000669	000322	000820	000306	000151	000070	000319	000227	000460	000305	https://dhq.digitalhumanities.org/vol/17/1/000666/000666.html
000667	2023	Nick Thieberger	School of Languages and Linguistics, University of Melbourne, Australia	Nick Thieberger, School of Languages and Linguistics, University of Melbourne, Australia	Doing it for Ourselves: The New Archive Built by and Responsive to the Researcher	000462	000035	000327	000483	000670	000593	000309	000370	000159	000321	https://dhq.digitalhumanities.org/vol/17/1/000667/000667.html
000668	2023	Martin Holmes | Joey Takeda	University of Victoria Humanities Computing and Media Centre | Digital Humanities Innovation Lab, Simon Fraser University	Martin Holmes, University of Victoria Humanities Computing and Media Centre; Joey Takeda, Digital Humanities Innovation Lab, Simon Fraser University	From Tamagotchis to Pet Rocks: On Learning to Love Simplicity through the Endings Principles	000248	000460	000136	000304	000035	000014	000805	000370	000227	000588	https://dhq.digitalhumanities.org/vol/17/1/000668/000668.html
000669	2023	James Cummings	Newcastle University	James Cummings, Newcastle University	Academics Retire and Servers Die: Adventures in the Hosting and Storage of Digital Humanities Projects	000666	000319	000350	000227	000047	000184	000470	000179	000038	000151	https://dhq.digitalhumanities.org/vol/17/1/000669/000669.html
000670	2023	Sara Diamond	OCAD University Faculty of Arts & Science	Sara Diamond, OCAD University Faculty of Arts & Science	The Dangers of Disappearance, the Opportunities of Recovery	000061	000179	000715	000667	000509	000040	000159	000173	000174	000491	https://dhq.digitalhumanities.org/vol/17/1/000670/000670.html
000671	2023	Martin Holmes | Janelle Jenstad | J. Matthew Huculak	University of Victoria Humanities Computing and Media Centre | University of Victoria Department of English | University of Victoria Advanced Research Services & Digital Scholarship Librarian	Martin Holmes, University of Victoria Humanities Computing and Media Centre; Janelle Jenstad, University of Victoria Department of English; J. Matthew Huculak, University of Victoria Advanced Research Services & Digital Scholarship Librarian	Introduction to Special Issue: Project Resiliency in the Digital Humanities	000411	000174	000023	000208	000184	000014	000186	000820	000466	000151	https://dhq.digitalhumanities.org/vol/17/1/000671/000671.html
000672	2023	Matt Morgenstern	Purdue University	Matt Morgenstern, Purdue University	A Keyword Analysis of "Climate Change" in Contemporary Literary Studies, 2000-2022	000463	000263	000813	000526	000184	000244	000444	000808	000709	000438	https://dhq.digitalhumanities.org/vol/17/1/000672/000672.html
000673	2023	Heyam Abd Alhadi | Ali Ahmad Hussein | Tsvi Kuflik	University of Haifa | University of Haifa | University of Haifa	Heyam Abd Alhadi, University of Haifa; Ali Ahmad Hussein, University of Haifa; Tsvi Kuflik, University of Haifa	Automatic Identification of Rhetorical Elements in classical Arabic Poetry	000469	000044	000365	000314	000175	000148	000323	000042	000683	000490	https://dhq.digitalhumanities.org/vol/17/2/000673/000673.html
000674	2023	Kimberly Woodring | Julie Fox-Horton	Department of History, East Tennessee State University | Cross-Disciplinary Studies, East Tennessee State University	Kimberly Woodring, Department of History, East Tennessee State University; Julie Fox-Horton, Cross-Disciplinary Studies, East Tennessee State University	History Harvesting: A Case Study in Documenting Local History	000029	000003	000474	000116	000679	000663	000471	000327	000538	000415	https://dhq.digitalhumanities.org/vol/17/3/000674/000674.html
000675	2023	Stephen A. Sansom | David Fifield	Florida State University | Independent Scholar	Stephen A. Sansom, Florida State University; David Fifield, Independent Scholar	SEDES: Metrical Position in Greek Hexameter	000237	000683	000414	000703	000325	000250	000031	000547	000693	000046	https://dhq.digitalhumanities.org/vol/17/2/000675/000675.html
000676	2023	Ethan Davis | Christopher Danforth | Wolfgang Mieder | Peter Sheridan Dodds	Computational Story Lab, Vermont Complex Systems Center, MassMutual Center of Excellence for Complex Systems and Data Science, Vermont Advanced Computing Core, Watzek Library, Lewis & Clark College | Computational Story Lab, Vermont Complex Systems Center, MassMutual Center of Excellence for Complex Systems and Data Science, Vermont Advanced Computing Core, Department of Mathematics & Statistics, University of Vermont | Department of German & Russian, University of Vermont | Computational Story Lab, Vermont Complex Systems Center, MassMutual Center of Excellence for Complex Systems and Data Science, Vermont Advanced Computing Core, Department of Computer Science, University of Vermont, Santa Fe Institute	Ethan Davis, Computational Story Lab, Vermont Complex Systems Center, MassMutual Center of Excellence for Complex Systems and Data Science, Vermont Advanced Computing Core, Watzek Library, Lewis & Clark College; Christopher Danforth, Computational Story Lab, Vermont Complex Systems Center, MassMutual Center of Excellence for Complex Systems and Data Science, Vermont Advanced Computing Core, Department of Mathematics & Statistics, University of Vermont; Wolfgang Mieder, Department of German & Russian, University of Vermont; Peter Sheridan Dodds, Computational Story Lab, Vermont Complex Systems Center, MassMutual Center of Excellence for Complex Systems and Data Science, Vermont Advanced Computing Core, Department of Computer Science, University of Vermont, Santa Fe Institute	Computational Paremiology: Charting the temporal, ecological dynamics of proverb use in books, news articles, and tweets	000263	000247	000649	000244	000273	000623	000029	000415	000434	000770	https://dhq.digitalhumanities.org/vol/17/2/000676/000676.html
000677	2023	Lynne Siemens	University of Victoria	Lynne Siemens, University of Victoria	Starting and Sustaining Digital Humanities/Digital Scholarships Centers: Lessons from the Trenches	000050	000055	000080	000077	000177	000079	000820	000133	000311	000416	https://dhq.digitalhumanities.org/vol/17/3/000677/000677.html
000678	2024	Rachel Fensham | Tyne Daile Sumner | Nat Cutter | George Buchanan | Rui Liu | Justin Munoz | James Smithies | Ivy Zheng | David Carlin | Erik Champion | Hugh Craig | Scott East | Chris Hay | Lisa M. Given | John Macarthur | David McMeekin | Joanna Mendelssohn | Deborah van der Plaat	University of Melbourne; Australian Cultural Data Engine | Australian National University; Australian Cultural Data Engine | University of Melbourne; Australian Cultural Data Engine | RMIT University | University of Melbourne | Independent Scholar | Australian National University | University of Newcastle | RMIT University | University of South Australia | University of Newcastle | University of New South Wales | Flinders University | RMIT University | University of Queensland | Curtin University | University of Melbourne | University of Queensland	Rachel Fensham, University of Melbourne; Australian Cultural Data Engine; Tyne Daile Sumner, Australian National University; Australian Cultural Data Engine; Nat Cutter, University of Melbourne; Australian Cultural Data Engine; George Buchanan, RMIT University; Rui Liu, University of Melbourne; Justin Munoz, Independent Scholar; James Smithies, Australian National University; Ivy Zheng, University of Newcastle; David Carlin, RMIT University; Erik Champion, University of South Australia; Hugh Craig, University of Newcastle; Scott East, University of New South Wales; Chris Hay, Flinders University; Lisa M. Given, RMIT University; John Macarthur, University of Queensland; David McMeekin, Curtin University; Joanna Mendelssohn, University of Melbourne; Deborah van der Plaat, University of Queensland	Towards a National Data Architecture for Cultural Collections: Designing the Australian Cultural Data Engine	000537	000061	000313	000174	000108	000372	000237	000461	000196	000176	https://dhq.digitalhumanities.org/vol/18/2/000678/000678.html
000679	2023	Sune Bechmann Pedersen | Mathias Johansson	Stockholm University | Lund University	Sune Bechmann Pedersen, Stockholm University; Mathias Johansson, Lund University	Historical GIS and Guidebooks: A Scalable Reading of Czechoslovak Tourist Attractions	000467	000294	000003	000458	000652	000343	000482	000116	000031	000434	https://dhq.digitalhumanities.org/vol/17/2/000679/000679.html
000680	2023	Cristina Migliaccio	CUNY Medgar Evers College	Cristina Migliaccio, CUNY Medgar Evers College	Language, Materiality, and Digital Neapolitanitá	000531	000355	000121	000163	000542	000353	000193	000354	000109	000299	https://dhq.digitalhumanities.org/vol/17/2/000680/000680.html
000681	2023	Daiki Tagami | Michael Satlow	Columbia University | Brown University	Daiki Tagami, Columbia University; Michael Satlow, Brown University	Machine Learning Techniques For Analyzing Inscriptions From Israel	000456	000578	000744	000392	000654	000027	000317	000385	000851	000555	https://dhq.digitalhumanities.org/vol/17/2/000681/000681.html
000682	2023	Samuel Grieggs | Jessica Lockhart | Alexandra Atiya | Gelila Tilahun | Suzanne Akbari | Eyob Derillo | Jarod Jacobs | Christine Kwon | Michael Gervers | Steve Delamarter | Alexandra Gillespie | Walter Scheirer	University of Notre Dame | University of Toronto | University of Toronto | University of Toronto | Institute for Advanced Study, Princeton, NJ | SOAS, University of London | Warner Pacific College | University of Notre Dame | University of Toronto | George Fox University | University of Toronto | University of Notre Dame	Samuel Grieggs, University of Notre Dame; Jessica Lockhart, University of Toronto; Alexandra Atiya, University of Toronto; Gelila Tilahun, University of Toronto; Suzanne Akbari, Institute for Advanced Study, Princeton, NJ; Eyob Derillo, SOAS, University of London; Jarod Jacobs, Warner Pacific College; Christine Kwon, University of Notre Dame; Michael Gervers, University of Toronto; Steve Delamarter, George Fox University; Alexandra Gillespie, University of Toronto; Walter Scheirer, University of Notre Dame	Automated Transcription of Gə'əz Manuscripts Using Deep Learning	000327	000593	000029	000649	000458	000550	000003	000708	000346	000529	https://dhq.digitalhumanities.org/vol/17/3/000682/000682.html
000683	2023	Victoria Beatrix Fendel | Matthew T. Ireland	University of Oxford | Sidney Sussex College, University of Cambridge	Victoria Beatrix Fendel, University of Oxford; Matthew T. Ireland, Sidney Sussex College, University of Cambridge	Discourse cohesion in Xenophon’s On Horsemanship through Sketch Engine	000237	000323	000247	000025	000029	000595	000538	000382	000023	000012	https://dhq.digitalhumanities.org/vol/17/3/000683/000683.html
000684	2023	Minh Hua | Rita Raley	Johns Hopkins University | University of California, Santa Barbara	Minh Hua, Johns Hopkins University; Rita Raley, University of California, Santa Barbara	How to Do Things with Deep Learning Code	000224	000126	000248	000436	000157	000121	000268	000469	000690	000349	https://dhq.digitalhumanities.org/vol/17/2/000684/000684.html
000685	2023	David M. Berry	University of Sussex	David M. Berry, University of Sussex	The Explainability Turn	000692	000049	000216	000019	000356	000372	000248	000056	000157	000227	https://dhq.digitalhumanities.org/vol/17/2/000685/000685.html
000686	2023	Ruta Binkyte	Inria Saclay - Île-de-France Research Centre, Institut Polytechnique de Paris	Ruta Binkyte, Inria Saclay - Île-de-France Research Centre, Institut Polytechnique de Paris	Distant Reading and Viewing: "Big Questions" in Digital Art History and Digital Literary Studies	000317	000369	000457	000541	000599	000171	000225	000197	000218	000178	https://dhq.digitalhumanities.org/vol/17/2/000686/000686.html
000687	2023	J. Berenike Herrmann | Anne-Sophie Bories | Francesca Frontini | Clèmence Jacquot | Steffen Pielström | Simone Rebora | Geoffrey Rockwell | Stéfan Sinclair	Universität Bielefeld | University of Basel | CNR - Istituto di Linguistica Computazionale A. Zampolli |  | University of Würzburg | Johannes Gutenberg University Mainz | University of Alberta |	J. Berenike Herrmann, Universität Bielefeld; Anne-Sophie Bories, University of Basel; Francesca Frontini, CNR - Istituto di Linguistica Computazionale A. Zampolli; Clèmence Jacquot; Steffen Pielström, University of Würzburg; Simone Rebora, Johannes Gutenberg University Mainz; Geoffrey Rockwell, University of Alberta; Stéfan Sinclair	Tool criticism in practice. On methods, tools and aims of computational literary studies	000203	000295	000188	000341	000323	000012	000190	000286	000229	000146	https://dhq.digitalhumanities.org/vol/17/2/000687/000687.html
000688	2023	Marit J. MacArthur | Lee M. Miller	University of California, Davis | University of California, Davis	Marit J. MacArthur, University of California, Davis; Lee M. Miller, University of California, Davis	Slow Listening: Digital Tools for Voice Studies	000400	000397	000166	000337	000273	000056	000173	000289	000511	000091	https://dhq.digitalhumanities.org/vol/17/2/000688/000688.html
000689	2023	Andrew Prescott	University of Glasgow	Andrew Prescott, University of Glasgow	Bias in Big Data, Machine Learning and AI: What Lessons for the Digital Humanities?	000109	000633	000632	000209	000645	000211	000216	000172	000193	000636	https://dhq.digitalhumanities.org/vol/17/2/000689/000689.html
000690	2023	Stephen Ramsay	University of Nebraska-Lincoln	Stephen Ramsay, University of Nebraska-Lincoln	The Politics of Tools	000157	000211	000488	000193	000109	000692	000153	000268	000172	000698	https://dhq.digitalhumanities.org/vol/17/2/000690/000690.html
000691	2023	Simone Rebora	Johannes Gutenberg University Mainz	Simone Rebora, Johannes Gutenberg University Mainz	Sentiment Analysis in Literary Studies. A Critical Survey	000227	000683	000323	000602	000703	000595	000159	000314	000265	000220	https://dhq.digitalhumanities.org/vol/17/2/000691/000691.html
000692	2023	Karin van Es	Utrecht University	Karin van Es, Utrecht University	Unpacking tool criticism as practice, in practice	000685	000248	000494	000388	000481	000157	000109	000227	000632	000049	https://dhq.digitalhumanities.org/vol/17/2/000692/000692.html
000693	2023	Jason Boyd	Toronto Metropolitan University	Jason Boyd, Toronto Metropolitan University	Poetry as Code as Interactive Fiction: Engaging Multiple Text-Based Literacies in Scarlet Portrait Parlor	000087	000325	000046	000616	000165	000734	000104	000378	000207	000018	https://dhq.digitalhumanities.org/vol/17/2/000693/000693.html
000694	2023	Jerzy Wójcik	The John Paul II Catholic University of Lublin	Jerzy Wójcik, The John Paul II Catholic University of Lublin	Cluster Analysis in Tracing Textual Dependencies – a Case of Psalm 6 in 16th-century English Devotional Manuals	000012	000025	000247	000263	000648	000023	000729	000854	000730	000683	https://dhq.digitalhumanities.org/vol/17/3/000694/000694.html
000695	2024	Elina Leblanc	University of Geneva	Elina Leblanc, University of Geneva	Building an Interface as an Argument? The Case Study of Untangling the Cordel	000145	000659	000670	000728	000646	000510	000624	000522	000425	000472	https://dhq.digitalhumanities.org/vol/18/1/000695/000695.html
000696	2023	Annette Vee	University of Pittsburgh	Annette Vee, University of Pittsburgh	BASIC FTBALL and Computer Programming for All	000070	000698	000128	000168	000009	000699	000433	000160	000409	000270	https://dhq.digitalhumanities.org/vol/17/2/000696/000696.html
000697	2023	Eugenio Biagini | Patrick Geoghegan | Hugh Hanley | Aneirin Jones | Huw Jones	University of Cambridge | Trinity College Dublin | University of Cambridge | University of Cambridge | University of Cambridge	Eugenio Biagini, University of Cambridge; Patrick Geoghegan, Trinity College Dublin; Hugh Hanley, University of Cambridge; Aneirin Jones, University of Cambridge; Huw Jones, University of Cambridge	Reconstructing historical texts from fragmentary sources: Charles S. Parnell and the Irish crisis, 1880-86	000454	000588	000495	000247	000382	000804	000263	000003	000573	000160	https://dhq.digitalhumanities.org/vol/17/3/000697/000697.html
000698	2023	Daniel Temkin	Bard College	Daniel Temkin, Bard College	The Less Humble Programmer	000409	000696	000699	000134	000153	000033	000049	000157	000702	000167	https://dhq.digitalhumanities.org/vol/17/2/000698/000698.html
000699	2023	Jon Corbett	Simon Fraser University	Jon Corbett, Simon Fraser University	ᐊᒐᐦᑭᐯᐦᐃᑲᓇ ᒫᒥᑐᓀᔨᐦᐃᒋᑲᓂᐦᑳᓂᕽ | acahkipehikana mâmitoneyihicikanihkânihk | Programming with Cree# and Ancestral Code: Nehiyawewin Spirit Markings in an Artificial Brain	000491	000409	000308	000327	000325	000698	000696	000307	000314	000337	https://dhq.digitalhumanities.org/vol/17/2/000699/000699.html
000700	2023	Lai-Tze Fan	University of Waterloo	Lai-Tze Fan, University of Waterloo	Reverse Engineering the Gendered Design of Amazon’s Alexa: Methods in Testing Closed-Source Code in Grey and Black Box Systems	000157	000216	000211	000160	000734	000573	000510	000304	000310	000224	https://dhq.digitalhumanities.org/vol/17/2/000700/000700.html
000701	2023	Jennifer C. Edmond | Alejandro Benito Santos | Michelle Doran | Roberto Therón | Michał Kozak | Cezary Mazurek | Eveline Wandl-Vogt | Aleyda Rocha Sepulveda	Trinity College Dublin | University of Salamanca | Digital Repository of Ireland | University of Salamanca | Backbase | Institute of Bioorganic Chemistry of the Polish Academy of Sciences | Austrian Academy of Sciences | Austrian Academy of Sciences	Jennifer C. Edmond, Trinity College Dublin; Alejandro Benito Santos, University of Salamanca; Michelle Doran, Digital Repository of Ireland; Roberto Therón, University of Salamanca; Michał Kozak, Backbase; Cezary Mazurek, Institute of Bioorganic Chemistry of the Polish Academy of Sciences; Eveline Wandl-Vogt, Austrian Academy of Sciences; Aleyda Rocha Sepulveda, Austrian Academy of Sciences	Making the Whole Greater than the Sum of its Parts: Taxonomy development as a site of negotiation and compromise in an interdisciplinary software development project	000628	000179	000163	000336	000213	000127	000714	000193	000184	000470	https://dhq.digitalhumanities.org/vol/17/3/000701/000701.html
000702	2023	Barry Rountree | William Condee	Lawrence Livermore National Laboratory | Ohio University	Barry Rountree, Lawrence Livermore National Laboratory; William Condee, Ohio University	Nonsense Code: A Nonmaterial Performance	000308	000307	000157	000409	000699	000707	000160	000149	000018	000503	https://dhq.digitalhumanities.org/vol/17/2/000702/000702.html
000703	2023	Ophir Münz-Manor | Itay Marienberg-Milikowsky	The Open University of Israel | Ben-Gurion University of the Negev	Ophir Münz-Manor, The Open University of Israel; Itay Marienberg-Milikowsky, Ben-Gurion University of the Negev	Visualization of Categorization: How to see the wood and the trees	000178	000538	000166	000337	000323	000691	000397	000071	000602	000227	https://dhq.digitalhumanities.org/vol/17/3/000703/000703.html
000704	2023	Dominik Gerstorfer | Evelyn Gius | Janina Jacke	Technical University of Darmstadt | Technical University of Darmstadt | Kiel University	Dominik Gerstorfer, Technical University of Darmstadt; Evelyn Gius, Technical University of Darmstadt; Janina Jacke, Kiel University	Working on and with Categories for Text Analysis: Challenges and Findings from and for Digital Humanities Practices	000135	000188	000171	000656	000005	000216	000211	000140	000808	000097	https://dhq.digitalhumanities.org/vol/17/3/000704/000704.html
000705	2023	John Cayley	Brown University	John Cayley, Brown University	Computational art Explorations of Linguistic Possibility Spaces: comparative translingual close readings of Daniel C. Howe’s Automatype and Radical of the Vertical Heart 忄	000848	000104	000688	000533	000503	000317	000547	000521	000214	000654	https://dhq.digitalhumanities.org/vol/17/2/000705/000705.html
000706	2023	David M. Berry	University of Sussex	David M. Berry, University of Sussex	Tracing "Toxicity" Through Code: Towards a Method of Explainability and Interpretability in Software	000209	000157	000023	000202	000112	000217	000211	000193	000633	000488	https://dhq.digitalhumanities.org/vol/17/2/000706/000706.html
000707	2023	Zach Whalen	University of Mary Washington	Zach Whalen, University of Mary Washington	"Any Means Necessary to Refuse Erasure by Algorithm:" Lillian-Yvonne Bertram’s Travesty Generator	000157	000029	000693	000506	000165	000492	000087	000325	000702	000476	https://dhq.digitalhumanities.org/vol/17/2/000707/000707.html
000708	2023	Marlene Ernst | Sebastian Gassner | Markus Gerstmeier | Malte Rehbein	University of Passau | University of Passau | University of Passau | University of Passau	Marlene Ernst, University of Passau; Sebastian Gassner, University of Passau; Markus Gerstmeier, University of Passau; Malte Rehbein, University of Passau	Categorising Legal Records – Deductive, Pragmatic, and Computational Strategies	000736	000168	000735	000426	000627	000481	000029	000456	000697	000197	https://dhq.digitalhumanities.org/vol/17/3/000708/000708.html
000709	2023	Samuel Pizelo | Arthur Koehl | Chandni Nagda | Carl Stahmer	UC Davis | UC Davis | University of Illinois at Urbana-Champaign | UC Davis	Samuel Pizelo, UC Davis; Arthur Koehl, UC Davis; Chandni Nagda, University of Illinois at Urbana-Champaign; Carl Stahmer, UC Davis	Project Quintessence: Examining Textual Dimensionality with a Dynamic Corpus Explorer	000025	000166	000184	000337	000067	000454	000237	000173	000469	000159	https://dhq.digitalhumanities.org/vol/17/3/000709/000709.html
000710	2024	Rada Varga | Stefan Bornhofen	Babeș-Bolyai University | CY Cergy Paris University	Rada Varga, Babeș-Bolyai University; Stefan Bornhofen, CY Cergy Paris University	Graph based modelling of prosopographical datasets. Case study: Romans 1by1	000385	000396	000335	000255	000246	000252	000024	000395	000475	000271	https://dhq.digitalhumanities.org/vol/18/2/000710/000710.html
000711	2023	Claudia Resch | Nina C. Rastinger | Thomas Kirchmair	Austrian Academy of Sciences | Austrian Academy of Sciences | Austrian Academy of Sciences	Claudia Resch, Austrian Academy of Sciences; Nina C. Rastinger, Austrian Academy of Sciences; Thomas Kirchmair, Austrian Academy of Sciences	From Semi-structured Text to Tangible Categories: Analysing and annotating death lists in 18th century newspaper issues	000169	000670	000728	000646	000510	000624	000522	000425	000472	000805	https://dhq.digitalhumanities.org/vol/17/3/000711/000711.html
000712	2023	Anselmo Matusse	Bloco 4 Foundation, Maputo, Mozambique	Anselmo Matusse, Bloco 4 Foundation, Maputo, Mozambique	AR and Public Participation in Maputo City: An Exploratory Study	000145	000659	000670	000728	000646	000510	000624	000522	000425	000472	https://dhq.digitalhumanities.org/vol/17/4/000712/000712.html
000713	2023	Mark C. Marino | Jeremy Douglass	University of Southern California | University of California, Santa Barbara	Mark C. Marino, University of Southern California; Jeremy Douglass, University of California, Santa Barbara	Introduction: Situating Critical Code Studies in the Digital Humanities	000145	000659	000670	000728	000646	000510	000624	000522	000425	000472	https://dhq.digitalhumanities.org/vol/17/2/000713/000713.html
000714	2023	John Ryan | Lydia Hearn | Paul Longley Arthur	Southern Cross University | Edith Cowan University | Edith Cowan University	John Ryan, Southern Cross University; Lydia Hearn, Edith Cowan University; Paul Longley Arthur, Edith Cowan University	The Digital Environmental Humanities (DEH) in the Anthropocene: Challenges and Opportunities in an Era of Ecological Precarity	000701	000112	000163	000179	000239	000047	000715	000007	000213	000017	https://dhq.digitalhumanities.org/vol/17/3/000714/000714.html
000715	2023	Alex Kinnaman | Corinne Guimont	Virginia Tech | Virginia Tech	Alex Kinnaman, Virginia Tech; Corinne Guimont, Virginia Tech	DH as Data: Establishing Greater Access through Sustainability	000670	000509	000061	000321	000222	000473	000040	000159	000483	000661	https://dhq.digitalhumanities.org/vol/17/3/000715/000715.html
000716	2024	Franziska Schropp | Thomas E. Konrad | Marie Revellio | Barbara Feichtinger	University of Konstanz | University of Konstanz | University of Konstanz | University of Konstanz	Franziska Schropp, University of Konstanz; Thomas E. Konrad, University of Konstanz; Marie Revellio, University of Konstanz; Barbara Feichtinger, University of Konstanz	Towards a differentiated digital-hermeneutic analysis tool for the detection of short quotations using the example of the Church Father Jerome	000024	000028	000350	000255	000546	000237	000463	000382	000396	000029	https://dhq.digitalhumanities.org/vol/18/3/000716/000716.html
000717	2023	Shoji Yamada	International Research Center for Japanese Studies	Shoji Yamada, International Research Center for Japanese Studies	Unveiling the Editing Process of Japanese Demons Picture Scrolls: How Digital Humanities Played a Role in Developing a New Theory in Art History	000332	000678	000280	000052	000657	000315	000295	000663	000521	000214	https://dhq.digitalhumanities.org/vol/17/4/000717/000717.html
000718	2024	Ana Quiring	University of Missouri — St. Louis	Ana Quiring, University of Missouri — St. Louis	Fingerprints of British Book History: A Feminist Labor History of EEBO	000631	000761	000471	000199	000043	000528	000514	000151	000432	000470	https://dhq.digitalhumanities.org/vol/18/1/000718/000718.html
000719	2023	Nathaniel Corley	Amherst College	Nathaniel Corley, Amherst College	Visualizing a Series: Aggregate Compositional Analysis of Botticelli's Commedia	000384	000276	000332	000290	000280	000275	000294	000813	000400	000259	https://dhq.digitalhumanities.org/vol/17/3/000719/000719.html
000720	2023	Michael Bender | Maria Becker | Carina Kiemes | Marcus Müller	Technical University of Darmstadt | University of Heidelberg | Technical University of Darmstadt | Technical University of Darmstadt	Michael Bender, Technical University of Darmstadt; Maria Becker, University of Heidelberg; Carina Kiemes, Technical University of Darmstadt; Marcus Müller, Technical University of Darmstadt	Category Development at the Interface of Interpretive Pragmalinguistic Annotation and Machine Learning: Annotation, detection and classification of linguistic routines of discourse referencing in political debates	000263	000123	000729	000026	000111	000726	000078	000725	000730	000431	https://dhq.digitalhumanities.org/vol/17/3/000720/000720.html
000721	2023	Crystal Hall | Lauren Tilton | Griffin Ng	Bowdoin College | University of Richmond | Bowdoin College	Crystal Hall, Bowdoin College; Lauren Tilton, University of Richmond; Griffin Ng, Bowdoin College	What Counts? Digital Humanities Pedagogy Seminars as Teaching	000311	000119	000567	000167	000177	000077	000233	000320	000134	000833	https://dhq.digitalhumanities.org/vol/17/4/000721/000721.html
000722	2024	Giacomo Alliata | Yumeng Hou | Sarah Kenderdine	Laboratory for Experimental Museology, EPFL, Switzerland | Laboratory for Experimental Museology, EPFL, Switzerland | Laboratory for Experimental Museology, EPFL, Switzerland	Giacomo Alliata, Laboratory for Experimental Museology, EPFL, Switzerland; Yumeng Hou, Laboratory for Experimental Museology, EPFL, Switzerland; Sarah Kenderdine, Laboratory for Experimental Museology, EPFL, Switzerland	Augmenting Access to Embodied Knowledge Archives: A Computational Framework	000327	000593	000462	000034	000529	000759	000531	000483	000269	000035	https://dhq.digitalhumanities.org/vol/18/3/000722/000722.html
000723	2024	František Válek | Jan Hajič , Jr.	National Library of the Czech Republic; Department of Philosophy and Religious Studies, University of Pardubice; Institute of Ancient Near Eastern Studies, Charles University | National Library of the Czech Republic; Masaryk Institute and Archive, Czech Academy of Sciences; Institute of Formal and Applied Linguistics, Charles University	František Válek, National Library of the Czech Republic; Department of Philosophy and Religious Studies, University of Pardubice; Institute of Ancient Near Eastern Studies, Charles University; Jan Hajič , Jr., National Library of the Czech Republic; Masaryk Institute and Archive, Czech Academy of Sciences; Institute of Formal and Applied Linguistics, Charles University	Problems of Authorship Classification: Recognising the Author Style or a Book?	000108	000815	000146	000152	000044	000673	000874	000753	000126	000148	https://dhq.digitalhumanities.org/vol/17/4/000723/000723.html
000724	2023	Shanmugapriya T	University of Toronto Scarborough	Shanmugapriya T, University of Toronto Scarborough	Developing Computational Models for Formalizing Concepts in the British Colonial India Corpus	000730	000296	000263	000454	000078	000042	000734	000490	000104	000291	https://dhq.digitalhumanities.org/vol/17/3/000724/000724.html
000725	2023	C. M. Sperberg-McQueen | Claus Huitfeldt	Black Mesa Technologies LLC | University of Bergen	C. M. Sperberg-McQueen, Black Mesa Technologies LLC; Claus Huitfeldt, University of Bergen	Are Ontologies Trees or Lattices?	000720	000123	000026	000111	000726	000078	000800	000727	000431	000121	https://dhq.digitalhumanities.org/vol/17/3/000725/000725.html
000726	2023	Sandra Balck | Ingo Frank | Hermann Beyer-Thoma | Anna Ananieva	Leibniz Institute for East and Southeast European Studies (IOS) Regensburg | Leibniz Institute for East and Southeast European Studies (IOS) Regensburg | Leibniz Institute for East and Southeast European Studies (IOS) Regensburg | Leibniz Institute for East and Southeast European Studies (IOS) Regensburg	Sandra Balck, Leibniz Institute for East and Southeast European Studies (IOS) Regensburg; Ingo Frank, Leibniz Institute for East and Southeast European Studies (IOS) Regensburg; Hermann Beyer-Thoma, Leibniz Institute for East and Southeast European Studies (IOS) Regensburg; Anna Ananieva, Leibniz Institute for East and Southeast European Studies (IOS) Regensburg	Interlinking Text and Data with Semantic Annotation and Ontology Design Patterns to Analyse Historical Travelogues	000111	000720	000089	000123	000026	000078	000864	000800	000727	000431	https://dhq.digitalhumanities.org/vol/17/3/000726/000726.html
000727	2023	Angelika Zirker | Michael Göggelmann	University of Tübingen | University of Tübingen / University of Cologne	Angelika Zirker, University of Tübingen; Michael Göggelmann, University of Tübingen / University of Cologne	Case Study: Annotating the ambiguous modality of "must" in Jane Austen’s Emma	000148	000387	000199	000431	000443	000725	000274	000063	000726	000147	https://dhq.digitalhumanities.org/vol/17/3/000727/000727.html
000728	2023	Mareike Schumacher | Marie Flüh	University of Regensburg | Hamburg University	Mareike Schumacher, University of Regensburg; Marie Flüh, Hamburg University	Made to Be a Woman: A case study on the categorization of gender using an individuation-based approach in the analysis of literary texts	000400	000263	000813	000562	000734	000042	000648	000526	000244	000041	https://dhq.digitalhumanities.org/vol/17/3/000728/000728.html
000729	2024	Markus Pluschkovits	University of Vienna	Markus Pluschkovits, University of Vienna	Annotating German in Austria: A Case-study of manual annotation in and for digital variationist linguistics	000251	000263	000649	000495	000720	000012	000648	000023	000078	000730	https://dhq.digitalhumanities.org/vol/17/3/000729/000729.html
000730	2023	Michael Richter	University of Leipzig	Michael Richter, University of Leipzig	A Synoptic Primer: Review of Wissensrohstoff Text: Eine Einführung in das Text Mining (2022)	000263	000774	000250	000709	000342	000183	000291	000244	000042	000034	https://dhq.digitalhumanities.org/vol/17/4/000730/000730.html
000731	2024	Jan Horstmann | Christian Lück | Immanuel Normann	University of Münster | University of Münster | University of Münster	Jan Horstmann, University of Münster; Christian Lück, University of Münster; Immanuel Normann, University of Münster	Systems of Intertextuality: Towards a formalization of text relations for manual annotation and automated reasoning	000370	000196	000146	000105	000316	000078	000026	000745	000019	000145	https://dhq.digitalhumanities.org/vol/17/3/000731/000731.html
000732	2024	Maria Hinzmann	University of Trier	Maria Hinzmann, University of Trier	Categorial Relations in (Re)constructing Topoi and in (Re)modeling Topology as a Methodology: Vertical, horizontal, heuristic and epistemological interdependencies	000482	000105	000852	000725	000730	000461	000068	000555	000415	000788	https://dhq.digitalhumanities.org/vol/17/3/000732/000732.html
000733	2024	Adéla Hamplová | Avital Romach | Josef Pavlíček | Arnošt Veselý | Martin Čejka | David Franc | Shai Gordin	Czech University of Life Sciences Prague | Yale University | Czech University of Life Sciences Prague | Czech University of Life Sciences Prague | Czech University of Life Sciences Prague | Czech University of Life Sciences Prague | Ariel University; Open University of Israel	Adéla Hamplová, Czech University of Life Sciences Prague; Avital Romach, Yale University; Josef Pavlíček, Czech University of Life Sciences Prague; Arnošt Veselý, Czech University of Life Sciences Prague; Martin Čejka, Czech University of Life Sciences Prague; David Franc, Czech University of Life Sciences Prague; Shai Gordin, Ariel University; Open University of Israel	Cuneiform Stroke Recognition and Vectorization in 2D Images	000108	000034	000735	000581	000540	000522	000755	000752	000577	000268	https://dhq.digitalhumanities.org/vol/18/1/000733/000733.html
000734	2024	Frédérique Mélanie-Becquet | Clément Plancq | Claude Grunspan | Mylène Maignant | Matthieu Raffard | Mathilde Roussel | Fiammetta Ghedini | Thierry Poibeau	LATTICE (CNRS & ENS/PSL & Univ. Sorbonne Nouvelle) | LATTICE (CNRS & ENS/PSL & Univ. Sorbonne Nouvelle) | LATTICE (CNRS & ENS/PSL & Univ. Sorbonne Nouvelle) | LATTICE (CNRS & ENS/PSL & Univ. Sorbonne Nouvelle) | Atelier Raffard-Roussel | Atelier Raffard-Roussel | RIVA Illustrations | LATTICE (CNRS & ENS/PSL & Univ. Sorbonne Nouvelle)	Frédérique Mélanie-Becquet, LATTICE (CNRS & ENS/PSL & Univ. Sorbonne Nouvelle); Clément Plancq, LATTICE (CNRS & ENS/PSL & Univ. Sorbonne Nouvelle); Claude Grunspan, LATTICE (CNRS & ENS/PSL & Univ. Sorbonne Nouvelle); Mylène Maignant, LATTICE (CNRS & ENS/PSL & Univ. Sorbonne Nouvelle); Matthieu Raffard, Atelier Raffard-Roussel; Mathilde Roussel, Atelier Raffard-Roussel; Fiammetta Ghedini, RIVA Illustrations; Thierry Poibeau, LATTICE (CNRS & ENS/PSL & Univ. Sorbonne Nouvelle)	Exploring Combinatorial Methods to Produce Sonnets: An Overview of the Oupoco Project	000314	000327	000034	000382	000465	000450	000237	000320	000216	000227	https://dhq.digitalhumanities.org/vol/18/1/000734/000734.html
000735	2024	Eva Sánchez-Salido | Antonio Menta | Ana García-Serrano	ETSI Informática, UNED | ETSI Informática, UNED | ETSI Informática, UNED	Eva Sánchez-Salido, ETSI Informática, UNED; Antonio Menta, ETSI Informática, UNED; Ana García-Serrano, ETSI Informática, UNED	Seeking Information in Spanish Historical Newspapers: The Case of Diario de Madrid (18th and 19th Centuries)	000577	000176	000456	000808	000736	000522	000034	000490	000144	000581	https://dhq.digitalhumanities.org/vol/17/4/000735/000735.html
000736	2024	Epameinondas-Konstantinos Barmpounis | John Pavlopoulos | Panos Louridas | Dritsa Konstantina	Athens University of Economics and Business | Athens University of Economics and Business | Athens University of Economics and Business | Athens University of Economics and Business	Epameinondas-Konstantinos Barmpounis, Athens University of Economics and Business; John Pavlopoulos, Athens University of Economics and Business; Panos Louridas, Athens University of Economics and Business; Dritsa Konstantina, Athens University of Economics and Business	Recognition and Analysis of the Proceedings of the Greek Parliament after WWII	000735	000708	000456	000663	000581	000144	000426	000296	000550	000003	https://dhq.digitalhumanities.org/vol/18/1/000736/000736.html
000737	2024	Helena Bermúdez-Sabel | Francesca Dell'Oro	University of Neuchâtel | University of Neuchâtel; Swiss National Science Foundation	Helena Bermúdez-Sabel, University of Neuchâtel; Francesca Dell'Oro, University of Neuchâtel; Swiss National Science Foundation	An Annotated Multilingual Dataset to Study Modality in the Gospels	000729	000720	000694	000251	000563	000297	000214	000149	000279	000317	https://dhq.digitalhumanities.org/vol/18/1/000737/000737.html
000738	2024	Julius Weißmann | Markus Seidl | Anya Dietrich | Martin Haltrich	Media and Digital Technologies, St. Pölten University of Applied Sciences | Media and Digital Technologies, St. Pölten University of Applied Sciences | MEG Unit, Brain Imaging Center | Library, Klosterneuburg Abbey	Julius Weißmann, Media and Digital Technologies, St. Pölten University of Applied Sciences; Markus Seidl, Media and Digital Technologies, St. Pölten University of Applied Sciences; Anya Dietrich, MEG Unit, Brain Imaging Center; Martin Haltrich, Library, Klosterneuburg Abbey	Cross-codex Learning for Reliable Scribe Identification in Medieval Manuscripts	000412	000140	000440	000041	000146	000034	000581	000168	000770	000223	https://dhq.digitalhumanities.org/vol/18/1/000738/000738.html
000739	2024	Fernando Sanz-Lázaro	Austrian Academy of Sciences	Fernando Sanz-Lázaro, Austrian Academy of Sciences	libEscansión: A Recursive Precedence Approach to Metrical Scansion	000291	000328	000357	000366	000699	000321	000456	000368	000385	000076	https://dhq.digitalhumanities.org/vol/18/3/000739/000739.html
000740	2024	Julia Thomas | Irene Testini	School of English Communication and Philosophy, Cardiff University | Special Collections and Archives, Cardiff University	Julia Thomas, School of English Communication and Philosophy, Cardiff University; Irene Testini, Special Collections and Archives, Cardiff University	Capturing Captions: Using AI to Identify and Analyse Image Captions in a Large Dataset of Historical Book Illustrations	000560	000011	000182	000663	000521	000517	000194	000332	000138	000290	https://dhq.digitalhumanities.org/vol/18/3/000740/000740.html
000741	2024	Edgar Lejeune	Vossius Center for the History of Humanities and Sciences (University of Amsterdam)	Edgar Lejeune, Vossius Center for the History of Humanities and Sciences (University of Amsterdam)	"Open" or "Close" Research Instruments? Conflicting Rationales in the Organization of Early Digital Medieval History in Europe (1960–1990).	000029	000140	000099	000662	000415	000471	000008	000007	000262	000442	https://dhq.digitalhumanities.org/vol/18/2/000741/000741.html
000742	2024	Jonathan Dentler | Lise Jaillant | Daniel Foliard | Julien Schuh	Catholic University of Paris; German Historical Institute, Washington D.C. | Loughborough University, UK | Université Paris Cité, LARCA (UMR 8225) | Université Paris Nanterre; Maison des Sciences de l'Homme Mondes	Jonathan Dentler, Catholic University of Paris; German Historical Institute, Washington D.C.; Lise Jaillant, Loughborough University, UK; Daniel Foliard, Université Paris Cité, LARCA (UMR 8225); Julien Schuh, Université Paris Nanterre; Maison des Sciences de l'Homme Mondes	Sensitivity and Access: Unlocking the Colonial Visual Archive with Machine Learning	000517	000152	000540	000755	000752	000670	000577	000559	000372	000015	https://dhq.digitalhumanities.org/vol/18/3/000742/000742.html
000743	2024	Diane K. Jakacki	Bucknell University	Diane K. Jakacki, Bucknell University	A Review of Feminist in a Software Lab: Difference + Design (2018)	000209	000208	000450	000211	000201	000186	000216	000217	000202	000109	https://dhq.digitalhumanities.org/vol/18/2/000743/000743.html
000744	2024	Wolfgang Thomas Göderle | Fabian Rampetsreiter | Christian Macher | Katrin Mauthner | Oliver Pimas	University of Innsbruck; Max Planck Institute of Geoanthropology | University of Graz | Know Center | Know Center | Know Center	Wolfgang Thomas Göderle, University of Innsbruck; Max Planck Institute of Geoanthropology; Fabian Rampetsreiter, University of Graz; Christian Macher, Know Center; Katrin Mauthner, Know Center; Oliver Pimas, Know Center	Deep Learning for Historical Cadastral Maps and Satellite Imagery Analysis: Insights from Styria's Franciscean Cadastre	000294	000490	000383	000578	000681	000252	000801	000482	000116	000679	https://dhq.digitalhumanities.org/vol/18/3/000744/000744.html
000745	2024	Andrea Bellandi | Giorgio Maria Di Nunzio | Silvia Piccini | Federica Vezzani	Institute for Computational Linguistics "A. Zampolli" CNR, Via Moruzzi 1, 56124, Pisa - Italy | Department of Information Engineering, University of Padova, Via Gradenigo 6/b, 35131 Padova, Italy | Institute for Computational Linguistics "A. Zampolli" CNR, Via Moruzzi 1, 56124, Pisa - Italy | Department of Linguistic and Literary Studies, University of Padova, Via Elisabetta Vendramini, 13 35137 Padova, Italy	Andrea Bellandi, Institute for Computational Linguistics "A. Zampolli" CNR, Via Moruzzi 1, 56124, Pisa - Italy; Giorgio Maria Di Nunzio, Department of Information Engineering, University of Padova, Via Gradenigo 6/b, 35131 Padova, Italy; Silvia Piccini, Institute for Computational Linguistics "A. Zampolli" CNR, Via Moruzzi 1, 56124, Pisa - Italy; Federica Vezzani, Department of Linguistic and Literary Studies, University of Padova, Via Elisabetta Vendramini, 13 35137 Padova, Italy	LemonizeTBX: Design and Implementation of a New Converter from TBX to OntoLex-Lemon	000196	000026	000370	000751	000146	000105	000605	000316	000424	000078	https://dhq.digitalhumanities.org/vol/18/2/000745/000745.html
000746	2024	Rachel Pierce	KvinnSam, National Library for Gender Studies; Humanities Library, Gothenburg University	Rachel Pierce, KvinnSam, National Library for Gender Studies; Humanities Library, Gothenburg University	Sustainability and Swedish Women's History: Digitizing Photographs from the KvinnSam Archives	000761	000199	000003	000129	000144	000718	000004	000372	000288	000370	https://dhq.digitalhumanities.org/vol/18/3/000746/000746.html
000747	2024	Amanda Furiasse	Nova Southeastern University	Amanda Furiasse, Nova Southeastern University	The Model is the Message: Modelling and the Future of Humanities Scholarship	000089	000258	000105	000015	000196	000202	000415	000554	000464	000471	https://dhq.digitalhumanities.org/vol/18/3/000747/000747.html
000748	2025	Zeinab Parishani	University of Missouri	Zeinab Parishani, University of Missouri	Black Waves in Digital Humanities: Vaziri's (2023) Exploration of African Enslavement in the Persian Gulf through Film	000773	000495	000507	000523	000379	000862	000641	000644	000521	000781	https://dhq.digitalhumanities.org/vol/19/1/000748/000748.html
000749	2024	Lisa Teichmann | Karolina Roman	Centre de recherche interuniversitaire sur les humanités numériques (CRIHN) at Université de Montréal | McGill University	Lisa Teichmann, Centre de recherche interuniversitaire sur les humanités numériques (CRIHN) at Université de Montréal; Karolina Roman, McGill University	Bibliographic Translation Data: Invisibility, Research Challenges, Institutional and Editorial Practices	000034	000782	000323	000328	000168	000529	000808	000231	000667	000299	https://dhq.digitalhumanities.org/vol/18/3/000749/000749.html
000750	2024	Sarah Potvin	Texas A&M University	Sarah Potvin, Texas A&M University	Gestured Labor: A Review of Proxies (2021)	000054	000107	000350	000460	000014	000136	000668	000023	000677	000741	https://dhq.digitalhumanities.org/vol/18/3/000750/000750.html
000751	2024	Huw Jones | Yasmin Faghihi	Cambridge University Library; Cambridge Digital Humanities | Cambridge University Library; Cambridge Digital Humanities	Huw Jones, Cambridge University Library; Cambridge Digital Humanities; Yasmin Faghihi, Cambridge University Library; Cambridge Digital Humanities	Manuscript Catalogues as Data for Research: From Provenance to Data Decolonisation	000461	000263	000315	000082	000618	000042	000291	000140	000244	000745	https://dhq.digitalhumanities.org/vol/18/3/000751/000751.html
000752	2024	Lise Jaillant	Loughborough University, UK	Lise Jaillant, Loughborough University, UK	Introduction to the Special Issue: Using Visual AI Applied to Digital Archives	000462	000577	000755	000108	000144	000003	000718	000735	000869	000372	https://dhq.digitalhumanities.org/vol/18/3/000752/000752.html
000753	2024	Gilad Gutman	Tel-Aviv University; The Open University of Israel	Gilad Gutman, Tel-Aviv University; The Open University of Israel	A Network Analysis of Figurative Topic Classification: The Case Study of Timon of Athens	000148	000096	000104	000434	000291	000146	000815	000170	000034	000094	https://dhq.digitalhumanities.org/vol/18/3/000753/000753.html
000754	2024	Marie Puren | Pierre Vernus	LRE, EPITA Paris | Université Lumière Lyon 2, LARHRA	Marie Puren, LRE, EPITA Paris; Pierre Vernus, Université Lumière Lyon 2, LARHRA	Conceptual Modeling of European Silk Heritage with the SILKNOW Data Model and Extension	000370	000316	000146	000105	000328	000078	000745	000026	000196	000019	https://dhq.digitalhumanities.org/vol/18/3/000754/000754.html
000755	2024	Lise Jaillant | Katherine Aske	Loughborough University, UK | Edinburgh Napier University, UK	Lise Jaillant, Loughborough University, UK; Katherine Aske, Edinburgh Napier University, UK	AI and Medical Images: Addressing Ethical Challenges to Provide Responsible Access to Historical Medical Illustrations	000462	000034	000577	000752	000269	000667	000035	000593	000327	000370	https://dhq.digitalhumanities.org/vol/18/3/000755/000755.html
000756	2024	Walter Crist | Matthew Stephenson | Éric Piette | Cameron Browne	Leiden University | Flinders University | UCLouvain | Independent Scholar	Walter Crist, Leiden University; Matthew Stephenson, Flinders University; Éric Piette, UCLouvain; Cameron Browne, Independent Scholar	The Ludii Games Database: A Resource for Computational and Cultural Research on Traditional Board Games	000803	000628	000200	000321	000801	000108	000196	000578	000089	000213	https://dhq.digitalhumanities.org/vol/18/4/000756/000756.html
000757	2025	Sarah Ciston | Zach Mann | Mark C. Marino | Jeremy Douglass	University of Southern California | University of Southern California | University of Southern California | University of California Santa Barbara	Sarah Ciston, University of Southern California; Zach Mann, University of Southern California; Mark C. Marino, University of Southern California; Jeremy Douglass, University of California Santa Barbara	Can Open-Source Fix Predictive Policing? Anti-Racist Critical Code Studies Approach to Contemporary AI Policing Software	000448	000211	000632	000148	000769	000826	000645	000015	000634	000208	https://dhq.digitalhumanities.org/vol/19/1/000757/000757.html
000758	2024	Dr. Drew E. VandeCreek	Northern Illinois University Libraries	Dr. Drew E. VandeCreek, Northern Illinois University Libraries	The Best Laid Plans: Case Studies of the Loss of Four Early (1996-2003) Digital Humanities Websites	000471	000466	000035	000484	000215	000738	000440	000070	000483	000380	https://dhq.digitalhumanities.org/vol/18/4/000758/000758.html
000759	2024	Jennifer W. Kyker	University of Rochester	Jennifer W. Kyker, University of Rochester	Decolonial by Design: Building Sekuru's Stories	000034	000640	000855	000512	000529	000531	000483	000269	000035	000755	https://dhq.digitalhumanities.org/vol/18/4/000759/000759.html
000760	2024	Faithe J. Day		Faithe J. Day	Debates in #BlackDH: Key Moments and Queer Directions in Black Studies Scholarship	000209	000208	000211	000216	000404	000200	000112	000808	000261	000217	https://dhq.digitalhumanities.org/vol/18/4/000760/000760.html
000761	2024	Angela Sutton | Jessica Power	Vanderbilt University | Vanderbilt University; Fisk University	Angela Sutton, Vanderbilt University; Jessica Power, Vanderbilt University; Fisk University	Community-Driven Linked Data Approaches in Builders and Defenders: Nashville's Historical Black Civil War Database	000179	000145	000424	000003	000324	000227	000448	000129	000634	000640	https://dhq.digitalhumanities.org/vol/18/4/000761/000761.html
000762	2024	Dhanashree Thorat	Mississippi State University	Dhanashree Thorat, Mississippi State University	Infrastructural Sovereignty in the Black Atlantic	000471	000054	000353	000151	000766	000485	000389	000820	000312	000362	https://dhq.digitalhumanities.org/vol/18/4/000762/000762.html
000763	2024	Rebecca Y. Bayeck	Instructional Technology & Learning Sciences, Emma Eccles Jones College of Education and Human Services, Utah State University	Rebecca Y. Bayeck, Instructional Technology & Learning Sciences, Emma Eccles Jones College of Education and Human Services, Utah State University	Bridging the Gap of Exhibition Design, Instructional Design, and the Learning Sciences for the Future of Black Digital Humanities	000637	000427	000633	000631	000448	000837	000645	000211	000216	000365	https://dhq.digitalhumanities.org/vol/18/4/000763/000763.html
000764	2025	Paul Barrett	University of Guelph	Paul Barrett, University of Guelph	Unjust Readings: Against the New New Criticism	000193	000108	000134	000427	000636	000015	000488	000151	000633	000109	https://dhq.digitalhumanities.org/vol/19/1/000764/000764.html
000765	2025	Sean Fraga | Christy Ye | Henry Huang | Zack Sai | Michael Hughes | April Yao | Samir Ghosh	University of Southern California | University of Southern California | University of Southern California | University of Southern California | University of Southern California | University of Southern California | University of California, Santa Cruz	Sean Fraga, University of Southern California; Christy Ye, University of Southern California; Henry Huang, University of Southern California; Zack Sai, University of Southern California; Michael Hughes, University of Southern California; April Yao, University of Southern California; Samir Ghosh, University of California, Santa Cruz	Introducing Booksnake: A Scholarly App for Transforming Existing Digitized Archival Materials into Life-Size Virtual Objects for Embodied Interaction in Physical Space, using IIIF and Augmented Reality	000390	000157	000049	000568	000386	000149	000046	000385	000076	000587	https://dhq.digitalhumanities.org/vol/19/1/000765/000765.html
000766	2024	Rebecca Y. Bayeck | Joseph M. Bayeck	Instructional Technology & Learning Sciences, Emma Eccles Jones College of Education; Human Services, Utah State University | World Language, Montgomery Public Schools	Rebecca Y. Bayeck, Instructional Technology & Learning Sciences, Emma Eccles Jones College of Education; Human Services, Utah State University; Joseph M. Bayeck, World Language, Montgomery Public Schools	Digital Sankofa: Understanding the Past and Futures of Black Digital Humanities	000637	000471	000369	000211	000633	000457	000645	000109	000277	000762	https://dhq.digitalhumanities.org/vol/18/4/000766/000766.html
000767	2024	Jina DuVernay	Clark Atlanta University; Gwinnett County Public Library	Jina DuVernay, Clark Atlanta University; Gwinnett County Public Library	Library Professionals: Instrumental in Black Digital Humanities	000780	000640	000635	000404	000761	000324	000778	000748	000791	000781	https://dhq.digitalhumanities.org/vol/18/4/000767/000767.html
000768	2025	Mamadou Yéro Baldé | Djibrirou Daouda Ba | Ismaïla Mbodji	Cheikh Anta Diop University, Senegal | Cheikh Anta Diop University, Senegal | Cheikh Anta Diop University, Senegal	Mamadou Yéro Baldé, Cheikh Anta Diop University, Senegal; Djibrirou Daouda Ba, Cheikh Anta Diop University, Senegal; Ismaïla Mbodji, Cheikh Anta Diop University, Senegal	The Pedagogical Innovations and Ethical Challenges of Integrating an Online Version of the Registers of the Liberation of Senegal (1857-1903) into the Teaching of History in the Senegalese Middle Cycle Public Schooling	000306	000471	000781	000778	000634	000802	000233	000322	000063	000617	https://dhq.digitalhumanities.org/vol/19/1/000768/000768.html
000769	2025	Richard Roberts | Rebecca Wall	Stanford University | Loyola Marymount University	Richard Roberts, Stanford University; Rebecca Wall, Loyola Marymount University	Naming Names of Enslaved People in the Senegal Liberations Project	000634	000645	000776	000404	000416	000761	000630	000633	000408	000632	https://dhq.digitalhumanities.org/vol/19/1/000769/000769.html
000770	2025	Lee Mordechai | Alan Stahl | Mark Pyzyk | Ilia Curto Pelle	Hebrew University of Jerusalem | Princeton University | Getty Research Institute | Princeton University	Lee Mordechai, Hebrew University of Jerusalem; Alan Stahl, Princeton University; Mark Pyzyk, Getty Research Institute; Ilia Curto Pelle, Princeton University	Systematic bias in humanities datasets: ancient and medieval coin finds in the FLAME project	000273	000031	000003	000415	000396	000808	000140	000337	000244	000231	https://dhq.digitalhumanities.org/vol/19/1/000770/000770.html
000771	2025	Marcus Bingenheimer | Justin Brody | Ryan Nichols	Temple University | Franklin and Marshall College | Califoria State University, Fullerton	Marcus Bingenheimer, Temple University; Justin Brody, Franklin and Marshall College; Ryan Nichols, Califoria State University, Fullerton	Experiments in Distant Reading: Using Topic Modeling on Chinese Buddhist Texts from 500-800 CE	000145	000659	000670	000728	000646	000510	000624	000522	000425	000472	https://dhq.digitalhumanities.org/vol/19/1/000771/000771.html
000772	2025	Kelly M. Duke Bryant	Rowan University	Kelly M. Duke Bryant, Rowan University	Digitizing Guardianship Registers in Senegal (1895-1910): Naming as Evidence and Ethical Concern	000761	000615	000003	000206	000778	000791	000538	000061	000565	000571	https://dhq.digitalhumanities.org/vol/19/1/000772/000772.html
000773	2025	Marie Rodet | Mamadou Séne Cissé	SOAS, University of London | Association Donkosira, Mali	Marie Rodet, SOAS, University of London; Mamadou Séne Cissé, Association Donkosira, Mali	Naming Slavery in a Digital Public History Project in Mali in the Context of Increased Violence Against Those Who Refuse to Be Called "Slaves"	000617	000778	000781	000634	000645	000545	000496	000633	000513	000615	https://dhq.digitalhumanities.org/vol/19/1/000773/000773.html
000774	2025	J. Nathanael Philipp | Michael Richter | Olav Mueller-Reichau | Matthias Irmer	Sächsische Akademie der Wissenschaften zu Leipzig | Universität Leipzig | Universität Leipzig | Digital Science	J. Nathanael Philipp, Sächsische Akademie der Wissenschaften zu Leipzig; Michael Richter, Universität Leipzig; Olav Mueller-Reichau, Universität Leipzig; Matthias Irmer, Digital Science	Information theory unravels the subtext in Chekhov	000323	000012	000730	000183	000295	000146	000273	000300	000291	000286	https://dhq.digitalhumanities.org/vol/19/2/000774/000774.html
000775	2025	Loren Lee	University of Virginia	Loren Lee, University of Virginia	A Review of Bridget Whearty's Digital Codicology: Medieval Books and Modern Labor (2022)	000003	000199	000372	000718	000144	000071	000034	000550	000468	000354	https://dhq.digitalhumanities.org/vol/19/1/000775/000775.html
000776	2025	Matthew S. Hopper	California Polytechnic State University	Matthew S. Hopper, California Polytechnic State University	Reflections on the Ethics of Research with the Registers of Liberated Africans in the Indian Ocean	000634	000769	000435	000416	000233	000617	000317	000202	000575	000529	https://dhq.digitalhumanities.org/vol/19/1/000776/000776.html
000777	2025	Alexis Culotta | Aron Culotta	Tulane University | Tulane University	Alexis Culotta, Tulane University; Aron Culotta, Tulane University	Artistic Network Toolkit (ANT): Democratizing Network Modeling in Art Historical Scholarship	000531	000623	000593	000233	000135	000290	000260	000462	000091	000632	https://dhq.digitalhumanities.org/vol/19/2/000777/000777.html
000778	2025	Walter Hawthorne	Michigan State University	Walter Hawthorne, Michigan State University	Descendants and Ethical Considerations when Documenting the Names of Enslaved People in Datasets on the Internet	000640	000617	000772	000615	000773	000761	000634	000781	000635	000768	https://dhq.digitalhumanities.org/vol/19/1/000778/000778.html
000779	2025	Soni Wadhwa	SRM University, India	Soni Wadhwa, SRM University, India	Review of The Bloomsbury Handbook to the Digital Humanities (2023)	000706	000193	000134	000636	000450	000351	000208	000837	000645	000015	https://dhq.digitalhumanities.org/vol/19/1/000779/000779.html
000780	2025	Annette Joseph-Gabriel	Duke University	Annette Joseph-Gabriel, Duke University	The Unnamed Fugitive and the Unknown Maroon: Anonymity and the Limits of Repair in Black Atlantic Historical Recovery	000404	000199	000532	000640	000211	000635	000084	000761	000767	000610	https://dhq.digitalhumanities.org/vol/19/1/000780/000780.html
000781	2025	Walter Hawthorne | Richard Roberts | Fatoumata Seck | Rebecca Wall	Michigan State University | Stanford University | Stanford University | Loyola Marymount University	Walter Hawthorne, Michigan State University; Richard Roberts, Stanford University; Fatoumata Seck, Stanford University; Rebecca Wall, Loyola Marymount University	Introduction: The Politics and Ethics of Naming the Names of Enslaved People in Digital Humanities Projects	000634	000617	000773	000778	000448	000513	000645	000640	000273	000769	https://dhq.digitalhumanities.org/vol/19/1/000781/000781.html
000782	2025	Arran J. Rees | Elizabeth Stainforth	University of Leeds | University of Leeds	Arran J. Rees, University of Leeds; Elizabeth Stainforth, University of Leeds	Disentangling Ownership in Digital Collecting Practices: Approaches From Across Galleries, Libraries, Archives, and Museums	000462	000034	000035	000071	000318	000315	000667	000632	000410	000184	https://dhq.digitalhumanities.org/vol/19/2/000782/000782.html
000783	2025	Simon Dumas Primbault | Jérôme Baudry | Ion Mihailescu	OpenEdition Lab (CNRS) | Swiss Federal Institute of Technology in Lausanne (EPFL) | University of Neuchâtel	Simon Dumas Primbault, OpenEdition Lab (CNRS); Jérôme Baudry, Swiss Federal Institute of Technology in Lausanne (EPFL); Ion Mihailescu, University of Neuchâtel	Mediating Science in the Mountain: Rethinking the Historian’s Craft through Digital Public Humanities	000502	000380	000523	000173	000481	000372	000376	000400	000469	000247	https://dhq.digitalhumanities.org/vol/19/2/000783/000783.html
000784	2025	Virginia Giustetto | Margherita Parigini	Université de Genève | Université de Genève	Virginia Giustetto, Université de Genève; Margherita Parigini, Université de Genève	The Right Distance: The Researcher’s Key Role between Literary Criticism and Data Visualization in the Atlante Calvino Project	000332	000101	000190	000146	000562	000166	000486	000621	000808	000569	https://dhq.digitalhumanities.org/vol/19/2/000784/000784.html
000785	2025	Shawna Ross	Texas A&M University	Shawna Ross, Texas A&M University	It’s Time to Historicize DH: A Review of Digital Humanities and the Cyberspace Decade, 1990-2001: A World Elsewhere	000257	000140	000398	000502	000355	000195	000026	000138	000120	000197	https://dhq.digitalhumanities.org/vol/19/2/000785/000785.html
000786	2025	Frans Wiering | Charles Inskip	Utrecht University | University College London,	Frans Wiering, Utrecht University; Charles Inskip, University College London,	The impact of the pandemic on musicologists’ use of technology	000364	000461	000594	000315	000265	000516	000352	000357	000471	000400	https://dhq.digitalhumanities.org/vol/19/2/000786/000786.html
000787	2025	Barbara Bordalejo | Davide Pafumi | Morgan S. Pearce | Daniel Paul O’Donnell	University of Lethbridge | University of Lethbridge | University of Lethbridge | University of Lethbridge	Barbara Bordalejo, University of Lethbridge; Davide Pafumi, University of Lethbridge; Morgan S. Pearce, University of Lethbridge; Daniel Paul O’Donnell, University of Lethbridge	Adapting a Research Tool for Teaching in a Post-Pandemic World: Textual Communities and Critical Digital Pedagogy in the Context of a Comprehensive Liberal Arts Research University	000412	000304	000334	000310	000494	000387	000047	000451	000315	000403	https://dhq.digitalhumanities.org/vol/19/2/000787/000787.html
000788	2025	Clodomir Santana | Demival Vasques Filho | Michał Bojanowski | Agata Błoch	Tadeusz Manteuffel Institute of History, Polish Academy of Sciences, Poland and University of California, Davis, USA | Centre for Contemporary and Digital History, University of Luxembourg, Luxembourg | Department of Quantitative Methods and Information Technology, Kozminski University, Poland and Department of Anthropology, Autonomous University of Barcelona, Spain | Tadeusz Manteuffel Institute of History, Polish Academy of Sciences, Poland	Clodomir Santana, Tadeusz Manteuffel Institute of History, Polish Academy of Sciences, Poland and University of California, Davis, USA; Demival Vasques Filho, Centre for Contemporary and Digital History, University of Luxembourg, Luxembourg; Michał Bojanowski, Department of Quantitative Methods and Information Technology, Kozminski University, Poland and Department of Anthropology, Autonomous University of Barcelona, Spain; Agata Błoch, Tadeusz Manteuffel Institute of History, Polish Academy of Sciences, Poland	Unveiling the Critical Nexus of Data Preprocessing and Transparent Documentation for Result Quality and Reproducibility in Digital History	000724	000146	000034	000042	000735	000490	000170	000291	000015	000104	https://dhq.digitalhumanities.org/vol/19/2/000788/000788.html
000789	2025	Marta Kipke | Lukas Brinkmeyer | Martin Langer | Lars Schmidt-Thieme	Institut für Digital Humanities, Georg-August-Universität Göttingen | Information Systems and Machine Learning Lab, Stiftung Universität Hildesheim | Institut für Digital Humanities, Georg-August-Universität Göttingen | Information Systems and Machine Learning Lab, Stiftung Universität Hildesheim	Marta Kipke, Institut für Digital Humanities, Georg-August-Universität Göttingen; Lukas Brinkmeyer, Information Systems and Machine Learning Lab, Stiftung Universität Hildesheim; Martin Langer, Institut für Digital Humanities, Georg-August-Universität Göttingen; Lars Schmidt-Thieme, Information Systems and Machine Learning Lab, Stiftung Universität Hildesheim	I was painted by...: A Case Study on the Use of CNNs for Image Classification in the Humanities	000740	000560	000294	000524	000396	000324	000542	000511	000469	000299	https://dhq.digitalhumanities.org/vol/19/3/000789/000789.html
000790	2025	Matt Warner | Nichole Nomura | Carmen Thong | Alix Keener | Alexander Sherman | Gabi Birch | Maciej Kurzynski | Mark Algee-Hewitt	Stanford University | University of Wyoming | Stanford University | Stanford University | University of Texas, Austin | Stanford University | Lingnan University | Stanford University	Matt Warner, Stanford University; Nichole Nomura, University of Wyoming; Carmen Thong, Stanford University; Alix Keener, Stanford University; Alexander Sherman, University of Texas, Austin; Gabi Birch, Stanford University; Maciej Kurzynski, Lingnan University; Mark Algee-Hewitt, Stanford University	Slow, Painful and Expensive: Current Challenges in Text-Mining Corpus Construction for the Digital Humanities	000034	000035	000023	000550	000029	000734	000425	000025	000529	000426	https://dhq.digitalhumanities.org/vol/19/3/000790/000790.html
000791	2026	Ilona Pikkanen | Matti La Mela | Hanna-Leena Paloposki | Jouni Tuominen	The Finnish Literature Society | Uppsala University | Independent Scholar | University of Helsinki and Aalto University	Ilona Pikkanen, The Finnish Literature Society; Matti La Mela, Uppsala University; Hanna-Leena Paloposki, Independent Scholar; Jouni Tuominen, University of Helsinki and Aalto University	A Critical Collection History of Nineteenth-century Women’s Letters: Overcoming the Occluded Archive with Data-Driven Methods	000523	000761	000105	000026	000571	000328	000623	000376	000144	000562	https://dhq.digitalhumanities.org/vol/19/4/000791/000791.html
000800	2023	C. M. Sperberg-McQueen | Claus Huitfeldt	Black Mesa Technologies LLC | University of Bergen	C. M. Sperberg-McQueen, Black Mesa Technologies LLC; Claus Huitfeldt, University of Bergen	TEST! Are Ontologies Trees or Lattices?	000720	000123	000026	000726	000078	000725	000727	000111	000431	000121	https://dhq.digitalhumanities.org/vol/17/3/000800/000800.html
000801	2025	Nikolai Paukkonen	Doctoral School of Geosciences, University of Helsinki, Finland	Nikolai Paukkonen, Doctoral School of Geosciences, University of Helsinki, Finland	Let the Light in. Using LiDAR- and Photogrammetry-based BIM Reconstruction to Simulate Daylighting in the House of Trebius Valens, Pompeii	000383	000744	000756	000531	000482	000252	000294	000091	000415	000213	https://dhq.digitalhumanities.org/vol/19/3/000801/000801.html
000802	2025	Photini Vrikki | Güneş Tavmen	University College London | King’s College London	Photini Vrikki, University College London; Güneş Tavmen, King’s College London	Rewiring Digital Humanities through an Ethics of Ecological Care	000306	000629	000233	000557	000626	000305	000768	000304	000419	000310	https://dhq.digitalhumanities.org/vol/19/3/000802/000802.html
000803	2025	Kim Bobier | Sue Jeong Ka	Pratt Institute and Smithsonian American Art Museum | New York University's Asian Pacific American Institute	Kim Bobier, Pratt Institute and Smithsonian American Art Museum; Sue Jeong Ka, New York University's Asian Pacific American Institute	Explicit!: Coding Carceral Censorship and Social Biases in United States Prisons	000108	000448	000634	000756	000465	000630	000321	000416	000769	000196	https://dhq.digitalhumanities.org/vol/19/3/000803/000803.html
000804	2025	Tobias Blanke | Chloe Papadopoulou	University of Amsterdam | University of Amsterdam	Tobias Blanke, University of Amsterdam; Chloe Papadopoulou, University of Amsterdam	Keywords in Digital Humanities – A critical assessment of computational techniques for mapping security and freedom in historical debates	000490	000044	000377	000382	000042	000581	000333	000735	000244	000263	https://dhq.digitalhumanities.org/vol/19/3/000804/000804.html
000805	2025	Nick Szydlowski	San José State University	Nick Szydlowski, San José State University	Rondo: A Minimal Single Page Application for Digital Exhibits	000227	000668	000350	000184	000584	000479	000159	000588	000461	000594	https://dhq.digitalhumanities.org/vol/19/3/000805/000805.html
000806	2025	Annabelle Fuchs	University of Haifa	Annabelle Fuchs, University of Haifa	Genre 2.0? Embedding-Based Cluster Analysis as a Tool for Text Classification in Medieval Hebrew Literature	000263	000034	000185	000831	000012	000140	000042	000286	000237	000041	https://dhq.digitalhumanities.org/vol/19/3/000806/000806.html
000807	2025	Caroline Bassett | Kylie Jarrett | Sharon Webb	University of Cambridge | University College Dublin | University of Sussex	Caroline Bassett, University of Cambridge; Kylie Jarrett, University College Dublin; Sharon Webb, University of Sussex	Stacks and Intersections: Feminist Thinking in Digital Humanities, a view from "these islands"	000076	000473	000305	000860	000208	000603	000428	000468	000671	000184	https://dhq.digitalhumanities.org/vol/19/3/000807/000807.html
000808	2025	Hilde De Weerdt | Hou Ieong (Brent) Ho | Rainer Simon | Sunkyu Lee | Sander Molenaar | Wangzhi Xi | Dawn (Lizao) Zhuang | Iva Stojević | Hsieh-Chang Tu | Taylor Zaneri | Nung-Yao Lin | Meret Meister	KU Leuven & International Institute of Social History, Amsterdam | Berlin State Library, East Asia Department | Independent research software engineer | KU Leuven | International Institute of Social History (IISH) | KU Leuven | KU Leuven | Independent researcher | National Taiwan University | Postdoctoral researcher, University of Antwerp | National Taiwan University | KU Leuven	Hilde De Weerdt, KU Leuven & International Institute of Social History, Amsterdam; Hou Ieong (Brent) Ho, Berlin State Library, East Asia Department; Rainer Simon, Independent research software engineer; Sunkyu Lee, KU Leuven; Sander Molenaar, International Institute of Social History (IISH); Wangzhi Xi, KU Leuven; Dawn (Lizao) Zhuang, KU Leuven; Iva Stojević, Independent researcher; Hsieh-Chang Tu, National Taiwan University; Taylor Zaneri, Postdoctoral researcher, University of Antwerp; Nung-Yao Lin, National Taiwan University; Meret Meister, KU Leuven	Contextual Semantic Text and Image Annotation in the MARKUS Environment	000355	000448	000170	000184	000312	000317	000263	000471	000452	000622	https://dhq.digitalhumanities.org/vol/19/4/000808/000808.html
000809	2025	Anja Keil	The College of William & Mary	Anja Keil, The College of William & Mary	Gapping the Map: Indigenous Presence in Native Land Digital	000531	000213	000279	000554	000317	000471	000415	000706	000081	000007	https://dhq.digitalhumanities.org/vol/19/3/000809/000809.html
000812	2026	Tim Hitchcock | William J. Turkel	Professor Emeritus of Digital History, University of Sussex | Professor of History, The University of Western Ontario	Tim Hitchcock, Professor Emeritus of Digital History, University of Sussex; William J. Turkel, Professor of History, The University of Western Ontario	Making Sense of the Emergence of Manslaughter in British Criminal Justice	000513	000615	000329	000398	000116	000679	000663	000791	000781	000598	https://dhq.digitalhumanities.org/vol/19/4/000812/000812.html
000813	2026	Stefanie Schneider	LMU Munich	Stefanie Schneider, LMU Munich	Assemblies of Points: Strategies to Art-historical Human Pose Estimation and Retrieval	000263	000244	000526	000719	000384	000276	000709	000728	000510	000332	https://dhq.digitalhumanities.org/vol/19/4/000813/000813.html
000814	2026	Julie Gravier | Stéphane Baciocchi | Pascal Cristofoli | Bertrand Duménieu | Edwin Carlinet | Joseph Chazalon | Nathalie Abadie | Solenn Tual | Julien Perret	Laboratoire ThéMA UMR 6049, CNRS, Université Marie et Louis Pasteur | Centre de Recherches Historiques, EHESS-CNRS UMR 8558 | Centre de Recherches Historiques, EHESS-CNRS UMR 8558 | Centre de Recherches Historiques, EHESS-CNRS UMR 8558 | Laboratoire de Recherche de l'EPITA | Laboratoire de Recherche de l'EPITA | Université Gustave Eiffel, ENSG, IGN, LASTIG | Université Gustave Eiffel, ENSG, IGN, LASTIG | Université Gustave Eiffel, ENSG, IGN, LASTIG	Julie Gravier, Laboratoire ThéMA UMR 6049, CNRS, Université Marie et Louis Pasteur; Stéphane Baciocchi, Centre de Recherches Historiques, EHESS-CNRS UMR 8558; Pascal Cristofoli, Centre de Recherches Historiques, EHESS-CNRS UMR 8558; Bertrand Duménieu, Centre de Recherches Historiques, EHESS-CNRS UMR 8558; Edwin Carlinet, Laboratoire de Recherche de l'EPITA; Joseph Chazalon, Laboratoire de Recherche de l'EPITA; Nathalie Abadie, Université Gustave Eiffel, ENSG, IGN, LASTIG; Solenn Tual, Université Gustave Eiffel, ENSG, IGN, LASTIG; Julien Perret, Université Gustave Eiffel, ENSG, IGN, LASTIG	Evaluating and Understanding the Geocoding of City Directories of Paris (1787-1914): Data-Driven Geography of Urban Sprawl and Densification	000679	000490	000482	000458	000467	000116	000003	000273	000448	000346	https://dhq.digitalhumanities.org/vol/19/4/000814/000814.html
000815	2026	Ruilin Wang | Lidia Pivovarova | Yann Ryan | Enes Yılandiloğlu | Mikko Tolonen	University of Helsinki | University of Helsinki | Digital Humanities and postdoctoral researcher, Leiden University | University of Helsinki | University of Helsinki	Ruilin Wang, University of Helsinki; Lidia Pivovarova, University of Helsinki; Yann Ryan, Digital Humanities and postdoctoral researcher, Leiden University; Enes Yılandiloğlu, University of Helsinki; Mikko Tolonen, University of Helsinki	Image Reuse in Eighteenth-Century Book History: Large-Scale Data-Driven Study of Headpiece Ornament Variants	000108	000146	000152	000044	000673	000723	000874	000753	000126	000148	https://dhq.digitalhumanities.org/vol/19/4/000815/000815.html
000816	2025	Julia Röttgermann | Keli Du | Julia Havrylash | Christof Schöch	University Trier, Germany | University of Trier, Germany | University of Trier, Germany | University of Trier, Germany	Julia Röttgermann, University Trier, Germany; Keli Du, University of Trier, Germany; Julia Havrylash, University of Trier, Germany; Christof Schöch, University of Trier, Germany	Expertise vs. statistics. A qualitative evaluation of three keyness measures (logarithmic Zeta, Welch’s t-test, and Log-likelihood ratio test) applied to subgenres of the French novel	000734	000434	000012	000454	000490	000034	000291	000724	000237	000104	https://dhq.digitalhumanities.org/vol/19/3/000816/000816.html
000817	2025	Wim Peters | William Hepburn	Text Dimensions (NL) | University of Aberdeen (UK)	Wim Peters, Text Dimensions (NL); William Hepburn, University of Aberdeen (UK)	Digital Hermeneutics, Medieval Texts, and Urban History: A Case Study from Aberdeen, Scotland	000140	000287	000741	000023	000317	000357	000471	000061	000415	000706	https://dhq.digitalhumanities.org/vol/19/3/000817/000817.html
000818	2025	Morgan Pearce | Davide Pafumi	University of Lethbridge, Alberta, Canada | University of Lethbridge, Alberta, Canada & the Humanities Innovation Lab	Morgan Pearce, University of Lethbridge, Alberta, Canada; Davide Pafumi, University of Lethbridge, Alberta, Canada & the Humanities Innovation Lab	A Review of Teaching the Middle Ages Through Modern Games	000002	000085	000402	000417	000339	000027	000403	000516	000385	000352	https://dhq.digitalhumanities.org/vol/19/3/000818/000818.html
000819	2025	Gethin Rees	Department of Digital Humanities, King’s College London	Gethin Rees, Department of Digital Humanities, King’s College London	Designing for discovery: using web maps in the digital humanities	000205	000337	000227	000265	000067	000173	000091	000356	000383	000275	https://dhq.digitalhumanities.org/vol/19/3/000819/000819.html
000820	2025	Vinayak Das Gupta	Shiv Nadar Institution of Eminence, India	Vinayak Das Gupta, Shiv Nadar Institution of Eminence, India	Validity and Verifiability: Toward a Hybrid Framework for Evaluating Digital Humanities in India	000460	000151	000209	000666	000202	000014	000594	000134	000217	000835	https://dhq.digitalhumanities.org/vol/19/4/000820/000820.html
000821	2025	Ben Kudler	The New School, New York University	Ben Kudler, The New School, New York University	The Little Database: A Poetics of Media Formats (2025)	000108	000193	000003	000616	000389	000140	000548	000146	000227	000397	https://dhq.digitalhumanities.org/vol/19/3/000821/000821.html
000822	2025	Elizabeth Rodwell | Kristina Neumann | Peggy Lindner	University of Houston | University of Houston | Missouri University of Science and Technology	Elizabeth Rodwell, University of Houston; Kristina Neumann, University of Houston; Peggy Lindner, Missouri University of Science and Technology	User Experience (UX) Heuristics for the Digital Humanities	000202	000007	000706	000081	000573	000543	000531	000327	000435	000536	https://dhq.digitalhumanities.org/vol/19/4/000822/000822.html
000823	2026	Briana Bettin	Michigan Technological University	Briana Bettin, Michigan Technological University	Polysemicolon; Novice Programmers and Java Keywords	000706	000211	000155	000154	000149	000046	000279	000554	000317	000471	https://dhq.digitalhumanities.org/vol/20/1/000823/000823.html
000824	2026	Kevin Brock	University of South Carolina	Kevin Brock, University of South Carolina	Rhetorical Strategies of Naming Practices in Code	000153	000248	000693	000436	000232	000157	000280	000344	000875	000765	https://dhq.digitalhumanities.org/vol/19/4/000824/000824.html
000825	2026	Jeffrey Moro	University of Maryland	Jeffrey Moro, University of Maryland	Counting Feeling: Affect Theory and Sentiment Analysis in TextBlob	000693	000157	000875	000765	000153	000698	000224	000155	000154	000690	https://dhq.digitalhumanities.org/vol/20/1/000825/000825.html
000826	2026	Evan Buswell		Evan Buswell	The Epistemology of Code in the Age of Machine Learning	000684	000757	000533	000700	000862	000808	000412	000654	000149	000046	https://dhq.digitalhumanities.org/vol/19/4/000826/000826.html
000827	2026	Zachary Horton | Levi Burner	University of Pittsburgh | University of Maryland, College Park	Zachary Horton, University of Pittsburgh; Levi Burner, University of Maryland, College Park	Playing in the Gap: Analog Programming and the First Video Game Console	000129	000360	000417	000863	000010	000402	000153	000501	000128	000331	https://dhq.digitalhumanities.org/vol/19/4/000827/000827.html
000828	2026	Zachary Mann	University of Southern California	Zachary Mann, University of Southern California	Reading Note G: Ada Lovelace and the Clerical Labor of Codework	000160	000211	000700	000860	000848	000217	000009	000699	000379	000644	https://dhq.digitalhumanities.org/vol/20/1/000828/000828.html
000829	2026	Matt Burton | Joris van Zundert	University of Pittsburgh | Huygens Institute of the Royal Netherlands Academy of Arts and Sciences	Matt Burton, University of Pittsburgh; Joris van Zundert, Huygens Institute of the Royal Netherlands Academy of Arts and Sciences	Defactoring Pace of Change	000693	000157	000875	000765	000153	000698	000224	000155	000154	000690	https://dhq.digitalhumanities.org/vol/20/1/000829/000829.html
000830	2026	Robert McKee Irwin	University of California, Davis	Robert McKee Irwin, University of California, Davis	Digital Storytelling, Vulnerable Migrant Communities, and Undergraduate Education	000213	000163	000080	000079	000311	000701	000596	000020	000050	000628	https://dhq.digitalhumanities.org/vol/20/2/000830/000830.html
000831	2026	Danushka Bandara | Adrian Gallant | Habibul Huq | Fatima Chowdhury | Jack Stow | Giovanni Ruffini	Fairfield University | Fairfield University | Fairfield University | Fairfield University | Fairfield University | Fairfield University	Danushka Bandara, Fairfield University; Adrian Gallant, Fairfield University; Habibul Huq, Fairfield University; Fatima Chowdhury, Fairfield University; Jack Stow, Fairfield University; Giovanni Ruffini, Fairfield University	The Eras Tour: Machine Learning for Dating Historical Texts from Greco-Roman Egypt	000263	000034	000185	000012	000168	000042	000286	000244	000337	000237	https://dhq.digitalhumanities.org/vol/19/4/000831/000831.html
000832	2026	Sylvia Fernández Quintanilla | Carolina E. Alonso | Maira E. Álvarez | Laura Gonzales	University of Texas at San Antonio | Fort Lewis College | University of Toronto | University of Florida	Sylvia Fernández Quintanilla, University of Texas at San Antonio; Carolina E. Alonso, Fort Lewis College; Maira E. Álvarez, University of Toronto; Laura Gonzales, University of Florida	Fostering Transborder Thinking at the Intersection of Digital-Public Humanities and Border Epistemologies with United Fronteras	000491	000129	000076	000536	000424	000502	000184	000380	000231	000156	https://dhq.digitalhumanities.org/vol/20/2/000832/000832.html
000833	2026	Siobhan Meï | Jonathan Michael Square	University of Massachusetts Amherst | Parsons School of Design	Siobhan Meï, University of Massachusetts Amherst; Jonathan Michael Square, Parsons School of Design	Social Media as a Digital Humanities Platform? A conversation between Rendering Revolution co-founders, Jonathan Michael Square and Siobhan Meï	000209	000233	000311	000079	000177	000257	000596	000111	000167	000628	https://dhq.digitalhumanities.org/vol/20/2/000833/000833.html
000834	2026	Constanza López Baquero	University of North Florida	Constanza López Baquero, University of North Florida	Voces y Caras: Community Building through the Collection of Stories	000133	000134	000623	000135	000514	000622	000128	000130	000843	000086	https://dhq.digitalhumanities.org/vol/20/2/000834/000834.html
000835	2026	Eduard Arriaga-Arango	Associate Professor and Chair, Department of Language, Literature and Culture, Clark University	Eduard Arriaga-Arango, Associate Professor and Chair, Department of Language, Literature and Culture, Clark University	Baobabs, Networks and Digital Sovereignty: Afro-Brazilian and Indigenous Community Digital Territories as Communitarian DH	000820	000129	000470	000460	000204	000014	000359	000183	000084	000669	https://dhq.digitalhumanities.org/vol/20/2/000835/000835.html
000837	2026	Lauren Baccus	Founder, Salt & Aloes	Lauren Baccus, Founder, Salt & Aloes	Building on the Margins: Salt & Aloes	000427	000706	000109	000633	000779	000632	000448	000645	000596	000201	https://dhq.digitalhumanities.org/vol/20/2/000837/000837.html
000838	2026	Till Grallert | Sophie Eckenstaler | Claus-Michael Schlesinger | Nicole Dresselhaus | Isabell Trilling | Sophie Stark	Humboldt-Universität zu Berlin | Deutsches Dokumentationszentrum für Kunstgeschichte – Bildarchiv Foto Marburg |  | Humboldt-Universität zu Berlin | Humboldt-Universität zu Berlin | Humboldt Universität zu Berlin	Till Grallert, Humboldt-Universität zu Berlin; Sophie Eckenstaler, Deutsches Dokumentationszentrum für Kunstgeschichte – Bildarchiv Foto Marburg; Claus-Michael Schlesinger; Nicole Dresselhaus, Humboldt-Universität zu Berlin; Isabell Trilling, Humboldt-Universität zu Berlin; Sophie Stark, Humboldt Universität zu Berlin	Open Tool Registries! Resolving the Directory Paradox with Wikidata	000685	000386	000173	000279	000555	000538	000376	000081	000121	000400	https://dhq.digitalhumanities.org/vol/20/1/000838/000838.html
000839	2026	Otto Tarkka | Kimmo Elo | Filip Ginter | Veronika Laippala	TurkuNLP, University of Turku | University of Eastern Finland & Centre for Parliamentary Studies, University of Turku | TurkuNLP, University of Turku | TurkuNLP, University of Turku	Otto Tarkka, TurkuNLP, University of Turku; Kimmo Elo, University of Eastern Finland & Centre for Parliamentary Studies, University of Turku; Filip Ginter, TurkuNLP, University of Turku; Veronika Laippala, TurkuNLP, University of Turku	Do all politicians sound the same? Comparing model explanations to human responses	000309	000598	000263	000297	000280	000817	000583	000260	000676	000872	https://dhq.digitalhumanities.org/vol/20/1/000839/000839.html
000840	2026	Andrew Lowe Mohammed | Alisa Hardy | Rianna Walcott | Tynesha McCullers | Abigail Vazquez Rosario	The University of Maryland, College Park | The University of Maryland, College Park | The University of Maryland, College Park | North Carolina State University | The University of Maryland, College Park	Andrew Lowe Mohammed, The University of Maryland, College Park; Alisa Hardy, The University of Maryland, College Park; Rianna Walcott, The University of Maryland, College Park; Tynesha McCullers, North Carolina State University; Abigail Vazquez Rosario, The University of Maryland, College Park	Losing the API: Developing Novel Methods for Scraping Black Twitter	000833	000485	000630	000638	000209	000856	000351	000474	000213	000279	https://dhq.digitalhumanities.org/vol/20/1/000840/000840.html
000841	2026	Nicole Willson	University of Greenwich	Nicole Willson, University of Greenwich	Fanm Rebèl: Digital and Public Heritage Assemblages of Women in the Haitian Revolution	000279	000554	000317	000471	000415	000706	000081	000007	000241	000163	https://dhq.digitalhumanities.org/vol/20/2/000841/000841.html
000842	2026	Gabor Mihaly Toth	Center for Contemporary and Digital History, University of Luxembourg	Gabor Mihaly Toth, Center for Contemporary and Digital History, University of Luxembourg	Introduction: History and Data Science: Data-driven Inquiries into the Past	000562	000529	000483	000622	000623	000791	000400	000327	000458	000262	https://dhq.digitalhumanities.org/vol/19/4/000842/000842.html
000843	2026	Sylvia Mendoza Aviña	Assistant Professor of Mexican American Studies, University of Texas, San Antonio	Sylvia Mendoza Aviña, Assistant Professor of Mexican American Studies, University of Texas, San Antonio	Documenting the Movement for Mexican American Studies (MAS) in Texas Through Critical Latinx Public Digital Humanities (DH) and Chicanx Feminisms	000448	000465	000404	000422	000622	000513	000564	000217	000828	000700	https://dhq.digitalhumanities.org/vol/20/2/000843/000843.html
000846	2020	DHQ editorial team	Association for Computers and the Humanities	DHQ editorial team, Association for Computers and the Humanities	DHQ Statement on Black Lives Matter and Structural Racism	000633	000645	000617	000209	000773	000217	000448	000769	000618	000460	https://dhq.digitalhumanities.org/vol/14/1/000846/000846.html
000847	2026	Anna Sollazzo	University of Glasgow	Anna Sollazzo, University of Glasgow	Facets of Friction: Investigating epistemological friction between computing and the humanities to support Digital Humanities computing education	000167	000471	000543	000077	000274	000311	000531	000253	000334	000147	https://dhq.digitalhumanities.org/vol/20/1/000847/000847.html
000848	2026	Jeremy Douglass | Mark C. Marino	University of California, Santa Barbara | University of Southern California	Jeremy Douglass, University of California, Santa Barbara; Mark C. Marino, University of Southern California	Introduction: Reading Code in the Age of AI	000705	000104	000503	000654	000149	000046	000317	000849	000865	000409	https://dhq.digitalhumanities.org/vol/19/4/000848/000848.html
000849	2026	Mace Ojala	Ruhr University Bochum	Mace Ojala, Ruhr University Bochum	Reading Code Aloud	000070	000134	000546	000213	000177	000080	000142	000374	000077	000022	https://dhq.digitalhumanities.org/vol/20/1/000849/000849.html
000850	2026	Alan Colin-Arce | Graham Jensen | Brittany Amell | Ray Siemens	University of Victoria | University of Victoria | University of Victoria | University of Victoria	Alan Colin-Arce, University of Victoria; Graham Jensen, University of Victoria; Brittany Amell, University of Victoria; Ray Siemens, University of Victoria	Multilingualism as Infrastructural Imperative: Language Diversity in Digital Knowledge Commons	000808	000460	000762	000485	000014	000820	000312	000646	000352	000471	https://dhq.digitalhumanities.org/vol/20/1/000850/000850.html
000851	2026	Tuuli Hongisto	University of Helsinki	Tuuli Hongisto, University of Helsinki	Striving towards automated writing – Views on authorship in story generation research	000146	000373	000285	000738	000033	000149	000826	000654	000046	000017	https://dhq.digitalhumanities.org/vol/20/1/000851/000851.html
000852	2026	Huw Jones | Yasmin Faghihi | David Parsons | Jason Evans | Gruffudd Antur	Cambridge University Library | Cambridge University Library | University of Wales | The National Library of Wales | the University of Wales	Huw Jones, Cambridge University Library; Yasmin Faghihi, Cambridge University Library; David Parsons, University of Wales; Jason Evans, The National Library of Wales; Gruffudd Antur, the University of Wales	Decoding and Encoding Welsh Manuscript Culture: Scribes, Scripts and TEI	000751	000105	000030	000447	000197	000412	000068	000027	000555	000415	https://dhq.digitalhumanities.org/vol/20/1/000852/000852.html
000853	2026	Crystal Rudds | Theadora Soter	University of Utah | University of Utah, Marriott Library	Crystal Rudds, University of Utah; Theadora Soter, University of Utah, Marriott Library	Mapping Public Housing in Literature	000598	000554	000320	000260	000330	000571	000299	000697	000530	000172	https://dhq.digitalhumanities.org/vol/20/2/000853/000853.html
000854	2025	Vincent Chieh-Ying Chang	Tamkang University	Vincent Chieh-Ying Chang, Tamkang University	Stylometric Consistency Patterns in Translation of Spoken Chinese to Written English: A Corpus Analysis of the CoVoST Dataset	000286	000012	000025	000694	000454	000185	000034	000164	000495	000649	https://dhq.digitalhumanities.org/vol/20/1/000854/000854.html
000855	2026	Courtney Rivard | Alexandra Odom | Carly Schnitzler | Katherine Stein | Rolando Rodriguez | Kathryn Wall | Anna Spencer | Kyle Cunningham | Sage Clausen | Sarah Davey	UNC-Chapel Hill | UNC-Chapel Hill | Johns Hopkins University | UNC-Chapel Hill | UNC-Chapel Hill | The Marian Cheek Jackson Center for Saving and Making History | The Marian Cheek Jackson Center for Saving and Making History | UNC-Chapel Hill | UNC-Chapel Hill | UNC-Chapel Hill	Courtney Rivard, UNC-Chapel Hill; Alexandra Odom, UNC-Chapel Hill; Carly Schnitzler, Johns Hopkins University; Katherine Stein, UNC-Chapel Hill; Rolando Rodriguez, UNC-Chapel Hill; Kathryn Wall, The Marian Cheek Jackson Center for Saving and Making History; Anna Spencer, The Marian Cheek Jackson Center for Saving and Making History; Kyle Cunningham, UNC-Chapel Hill; Sage Clausen, UNC-Chapel Hill; Sarah Davey, UNC-Chapel Hill	From the Rock Wall to Wikipedia: Sites of Digital Connection and Repair in the Community-Engaged Classroom	000315	000640	000077	000759	000531	000084	000622	000623	000870	000516	https://dhq.digitalhumanities.org/vol/20/1/000855/000855.html
000856	2026	Sylvia Fernández Quintanilla | Clayton McCarl | Siobhan Meï | Jonathan Michael Square	University of Texas at San Antonio | University of North Florida | University of Massachusetts Amherst | Parsons School of Design	Sylvia Fernández Quintanilla, University of Texas at San Antonio; Clayton McCarl, University of North Florida; Siobhan Meï, University of Massachusetts Amherst; Jonathan Michael Square, Parsons School of Design	Introduction to Community, Activism, and Innovation in Latin American and Latinx Public Digital Humanities	000279	000554	000317	000471	000415	000706	000081	000007	000241	000163	https://dhq.digitalhumanities.org/vol/20/2/000856/000856.html
000857	2026	Colin Layfield | Lisa Fagin Davis	University of Malta | Medieval Academy of America	Colin Layfield, University of Malta; Lisa Fagin Davis, Medieval Academy of America	The Application of Latent Semantic Analysis to the Voynich Manuscript	000724	000490	000034	000730	000023	000734	000709	000434	000392	000790	https://dhq.digitalhumanities.org/vol/20/1/000857/000857.html
000858	2026	Grant Hamilton | Eli Park Sorensen	Chinese University of Hong Kong | Chinese University of Hong Kong	Grant Hamilton, Chinese University of Hong Kong; Eli Park Sorensen, Chinese University of Hong Kong	Reconfiguring the Ideal Order: Ablation and Field Formation in the Twentieth-Century Nigerian Novel in English	000012	000286	000734	000183	000044	000189	000097	000816	000673	000237	https://dhq.digitalhumanities.org/vol/20/1/000858/000858.html
000859	2026	Jennifer Buckley | Kandice Sharren	University of Galway | University of Saskatchewan	Jennifer Buckley, University of Galway; Kandice Sharren, University of Saskatchewan	Good Women, Mediocre Men: Hierarchy in Narrative and Digital Prosopography	000279	000554	000317	000471	000415	000706	000081	000007	000241	000163	https://dhq.digitalhumanities.org/vol/20/2/000859/000859.html
000860	2026	Nick Ruest | Brianna I. Wiens | Karmvir K. Padda | Shana MacDonald	York University, Digital Scholarship Infrastructure | University of Waterloo, English Language & Literature | University of Waterloo, Sociology and Legal Studies | University of Waterloo, Communication Arts	Nick Ruest, York University, Digital Scholarship Infrastructure; Brianna I. Wiens, University of Waterloo, English Language & Literature; Karmvir K. Padda, University of Waterloo, Sociology and Legal Studies; Shana MacDonald, University of Waterloo, Communication Arts	Infrastructures of Listening: The ManoWhisper Podcast Analysis Pipeline	000377	000473	000448	000045	000305	000034	000208	000042	000223	000186	https://dhq.digitalhumanities.org/vol/20/1/000860/000860.html
000861	2026	Cécile Chevalier | Irene Fubara-Manuel | Sharon Webb	University of Sussex | University of Sussex | University of Sussex	Cécile Chevalier, University of Sussex; Irene Fubara-Manuel, University of Sussex; Sharon Webb, University of Sussex	The (Im)possibility of Autonomous Feminist Infrastructures	000400	000377	000760	000595	000565	000528	000209	000610	000422	000622	https://dhq.digitalhumanities.org/vol/20/2/000861/000861.html
000862	2026	River Rain | Houda Lamqaddam	Amsterdam University College | Institute of Logic, Language and Computation, Department of Media Studies, University of Amsterdam	River Rain, Amsterdam University College; Houda Lamqaddam, Institute of Logic, Language and Computation, Department of Media Studies, University of Amsterdam	Speculative Recommendation: Reframing AI for Interpretive Practice in the Digital Humanities	000506	000412	000532	000517	000541	000738	000497	000542	000511	000469	https://dhq.digitalhumanities.org/vol/20/2/000862/000862.html
000863	2026	Giuseppe Arena	University of Catania	Giuseppe Arena, University of Catania	A Review of Manuale di letteratura elettronica	000113	000128	000200	000165	000101	000017	000162	000693	000010	000417	https://dhq.digitalhumanities.org/vol/20/1/000863/000863.html
000864	2026	Steven Gotzler | Avery Wiscomb	University of North Carolina at Chapel Hill | Virginia Tech	Steven Gotzler, University of North Carolina at Chapel Hill; Avery Wiscomb, Virginia Tech	Making Marx More Readable: A Minimal Computing Approach to a Community-Driven Edition of Capital Vol. 1	000178	000111	000424	000573	000454	000293	000231	000525	000393	000726	https://dhq.digitalhumanities.org/vol/20/2/000864/000864.html
000865	2026	David Pruneda Senties	Universidad Nacional Autónoma de México	David Pruneda Senties, Universidad Nacional Autónoma de México	What We Read while Looking Up from the Book: A Review of The Routledge Companion to Libraries, Archives, and the Digital Humanities	000313	000173	000640	000328	000084	000189	000269	000755	000625	000227	https://dhq.digitalhumanities.org/vol/20/2/000865/000865.html
000867	2026	Kelly Bodwin | Gregory F. Domber | Riley Sanders	California Polytechnic State University - San Luis Obispo | California Polytechnic State University - San Luis Obispo | California Polytechnic State University - San Luis Obispo	Kelly Bodwin, California Polytechnic State University - San Luis Obispo; Gregory F. Domber, California Polytechnic State University - San Luis Obispo; Riley Sanders, California Polytechnic State University - San Luis Obispo	Pre-revolution network connections of the 1989 Polish Round Table participants	000298	000761	000335	000668	000714	000271	000093	000321	000097	000292	https://dhq.digitalhumanities.org/vol/20/2/000867/000867.html
000868	2026	Agustín Cosovschi	Inštitut za Novejšo Zgodovino, Ljubljana, Slovenija	Agustín Cosovschi, Inštitut za Novejšo Zgodovino, Ljubljana, Slovenija	Embracing the Ghost in the Machine: A Review of Thinking with AI: Machine Learning the Humanities (2025)	000045	000146	000860	000506	000034	000412	000862	000808	000757	000788	https://dhq.digitalhumanities.org/vol/20/2/000868/000868.html
000869	2026	Grant Glass	University of North Carolina at Chapel Hill, North Carolina State University	Grant Glass, University of North Carolina at Chapel Hill, North Carolina State University	Visions in the Machine: Automated Tagging of the William Blake Archive	000173	000469	000808	000184	000061	000448	000146	000199	000586	000041	https://dhq.digitalhumanities.org/vol/20/2/000869/000869.html
000870	2026	Jue Wang Szilas	University of Geneva; PLIDAM, Inalco	Jue Wang Szilas, University of Geneva; PLIDAM, Inalco	The Naxi Dongba MOOC: A Test Case for Digital Revitalisation of Endangered Writing Systems	000123	000071	000077	000529	000592	000084	000620	000179	000227	000667	https://dhq.digitalhumanities.org/vol/20/2/000870/000870.html
000871	2026	Anouk Lang	University of Edinburgh	Anouk Lang, University of Edinburgh	Information Visualization, Data Materialization: Thinking through Space and Scale in Literary Texts with Plotspaces	000397	000259	000547	000382	000734	000228	000146	000384	000266	000414	https://dhq.digitalhumanities.org/vol/20/2/000871/000871.html
000872	2026	Emiliano Giovannetti | Andrea Bellandi | Flavia Sciolette	Istituto di Linguistica Computazionale “A. Zampolli” (CNR-ILC) | Istituto di Linguistica Computazionale “A. Zampolli” (CNR-ILC) | Postdoctoral research fellow	Emiliano Giovannetti, Istituto di Linguistica Computazionale “A. Zampolli” (CNR-ILC); Andrea Bellandi, Istituto di Linguistica Computazionale “A. Zampolli” (CNR-ILC); Flavia Sciolette, Postdoctoral research fellow	ITALMUD: a Computational Terminology of the Italian Translation of the Babylonian Talmud	000370	000196	000146	000105	000720	000316	000026	000745	000019	000078	https://dhq.digitalhumanities.org/vol/20/3/000872/000872.html
000874	2026	Delphine Demelas	University of Southampton	Delphine Demelas, University of Southampton	Responsible AI and the Middle Ages: Detecting Historical Toxicity in Medieval Datasets	000617	000761	000148	000199	000631	000043	000317	000363	000634	000846	https://dhq.digitalhumanities.org/vol/20/3/000874/000874.html
000875	2026	Diego Emanuel Giménez Celano | Mathew Gillings	University of Macau | WU Vienna University of Economics and Business	Diego Emanuel Giménez Celano, University of Macau; Mathew Gillings, WU Vienna University of Economics and Business	Topic modeling in the digital humanities: On replicability and transparency	000184	000189	000469	000061	000849	000865	000409	000376	000706	000199	https://dhq.digitalhumanities.org/vol/20/3/000875/000875.html
000876	2026	Will Hasty | Mark Law | Daniel Maxwell | Lauren Dulick | Ying Xiao | Markus Pope | Idalis Villanueva Alarcón | Stephan Kory	University of Florida | University of Florida | University of Florida | University of Florida | University of Florida | University of Florida | University of Florida | University of Florida	Will Hasty, University of Florida; Mark Law, University of Florida; Daniel Maxwell, University of Florida; Lauren Dulick, University of Florida; Ying Xiao, University of Florida; Markus Pope, University of Florida; Idalis Villanueva Alarcón, University of Florida; Stephan Kory, University of Florida	True Digital Poiesis: A Conceptual Framework and Interface Design for Generative AI in the Humanities	000471	000317	000063	000738	000223	000735	000490	000312	000575	000768	https://dhq.digitalhumanities.org/vol/20/3/000876/000876.html
